Rank,School,Name,Adjusted Rating,Deviation,Matches,Rating,Hash,Aff Win Rate,Neg Win Rate,Aff Elim Win Rate,Neg Elim Win Rate
1,Harker,Siddhartha Daswani,2098.590116291377,82.01330428827444,28,2262.6167248679258,1a6be0161e0c86994718700367efbf56d5229bdc5f0153ff404c74a975e4c14d,87.5,90.0,50.0,100.0
2,Harvard-Westlake,Kaison Maruyama,2062.574636759149,78.17495923036677,36,2218.9245552198827,725648cf879a366ca150a601a81a715ef490dbfe681dbcbe4d7b6002ee7935e4,81.82,85.71,80.0,75.0
3,Marlborough,Lucia Sanchez Gagerman,1978.2506291219356,79.00849859607253,39,2136.2676263140806,5cb9efd99b18da41c6ee0705ed67c78380e442c4be90d1a3022c2eac5e0ea5e7,80.0,85.71,66.67,87.5
4,Harrison,Flynn Williams,1970.984852257972,80.49863241674403,38,2131.98211709146,aef2abf48360a540946c89c6c79d832b46e231bd602952d52af1da96229f6639,75.0,94.12,33.33,100.0
5,Memorial,Erin Jia,1968.8674011619992,80.17756516536525,34,2129.2225314927296,cd8261fac811dfc1afcd0a0895a087af672bc9065a41794c5ae94098f590e146,72.73,85.71,80.0,75.0
6,Plano West,Skanda Gopikannan,1942.6911653013137,75.81882720456012,35,2094.328819710434,2cac47c46e29f53ea2b7079bcb98e8d688a0d270a6d7ab218cd2aad5fd2a466c,53.85,91.67,57.14,83.33
7,Harker,Sanjith Senthil,1933.828995401344,99.72079569234046,18,2133.270586786025,7796ccd3db3f23f54c0330e34214f2cae635c68ce43c7aff8535292bcf277e2d,60.0,100.0,50.0,100.0
8,Harker,Lucas Cao,1898.5182147873804,90.9150175279207,24,2080.3482498432218,bd38126ec76c5aace97ae7246ed6d95d84c860a45d3bd7329487681f1a1add29,57.14,75.0,25.0,60.0
9,Clear Lake,Roger Zhen,1896.122864719243,90.8842691503928,29,2077.8914030200285,7cbbb22eddbf14dc8aed8c28ca3bc8103209744628d83cdd87e3dcc85b9fea44,75.0,88.89,66.67,66.67
10,Vestavia Hills,Veronica Zhang,1876.4112219571284,112.62003764221113,17,2101.6512972415508,3944aa592f946b3adf9510d8967788f5f6bcc1a5011118734b87d3f1c9fe8ffe,80.0,100.0,60.0,100.0
11,OCSA,Iva Liu,1864.1815542745537,128.29346071274304,10,2120.7684757000397,6a77756c70cb4c74a5b5aaa6cec49e31255fbd25a12ba026d58a7a434a1e239b,80.0,100.0,100.0,100.0
12,Greenhill,Eric Xing,1844.9854097996263,88.37250808898517,25,2021.7304259775967,063de2624b3c76cb353b97e33a29f756dd39a3e46cc7e0e037cba565fa5f3bd5,77.78,75.0,66.67,50.0
13,Lexington,Omar Obeidat,1802.1645933942714,117.51481247059274,12,2037.1942183354568,e1edb2d632075ea31f8af920856f3ba0e7c47de7c80a913ab99b1e5306f9b62f,50.0,100.0,100.0,100.0
14,Harker,Ethan Xu,1776.6513609583762,100.43158874841426,18,1977.5145384552047,d12c0deab00557dd317cb44fa1115687d66c58bf3ab0c767fde67dae0a31860b,57.14,90.91,0.0,80.0
15,West HS SLC,Luka Mishchenko,1769.5159790839803,113.30725786616979,12,1996.13049481632,7fd82a6c8acb1edc0dd1ae76d174fa5dbc99b7433878ad201069d5a844e6becc,66.67,83.33,66.67,100.0
16,Isidore Newman,Dylan Carey,1758.444714038741,92.40906299505018,20,1943.2628400288413,8b29e4b181133ebfd8cfad8be78dfd0a23cee7b69ef71c6db82c867955b16948,83.33,33.33,66.67,33.33
17,BASIS Silicon Valley,Vihaan Patel,1748.8617689475027,91.89959418715665,22,1932.660957321816,86b59363ac79a63f3a4f1800a52956aaf92d106b309dca9fba3d6965bedf45c0,55.56,100.0,33.33,
18,Memorial,Adrienne Wang,1727.1702365672281,77.56284436048738,36,1882.2959252882029,d754330a5c0359094f71961e43d244e1abee8fcffe43baaefaf6a94f4cf1645d,57.14,71.43,33.33,80.0
19,Bronx Science,Lili Sella,1722.125918416222,120.2783351521463,11,1962.6825887205146,4d892fa4369141f9a42ea5d4a88adddd4148845402cc9d9db5686f8b97fd747b,75.0,85.71,0.0,100.0
20,Valley Christian,Vanessa Xu,1712.8663452301616,151.26078585845272,8,2015.387916947067,6babbad961c8af14102bc722b6eb05340db006993828f295f49b60449014c410,100.0,75.0,100.0,0.0
21,Strath Haven,Noel Springer,1711.5278392918094,82.76882659150667,32,1877.0654924748228,f33672d7e4bd380766c003a4b6eaa7e3db8b99ad50ab778337185b38fd1e5333,57.14,83.33,60.0,100.0
22,BASIS Silicon Valley,Jason Kuo,1709.6591293756394,81.21891636649282,39,1872.0969621086251,0e840205ff89c92626b8e0537e7a6d87de3fe82207a2f893b66b9f80e9947b3f,60.0,76.47,33.33,60.0
23,Little Rock Central,Gabrielle Torrence,1706.7381426595066,80.65858800488176,29,1868.05531866927,3de8cef993477f4fb7d544dc8e25282608fa94fe2c4e1b7d37fdfb219f9b2618,40.0,72.73,25.0,60.0
24,Strake Jesuit College Prep,Matthew Zong,1705.4726511963368,82.87527146716363,29,1871.223194130664,3c9e007d05bd21c36da55bbb10b3336d3fae76d9f1df4c4504d795cc3f7bd56d,75.0,60.0,66.67,0.0
25,St Thomas,Craig O'Sullivan,1704.6247410811768,77.82406662102211,37,1860.272874323221,e749b48d5d8cce3b218c8eef0391de4335dea57d429ff3d074b18250f24256ff,64.29,60.0,60.0,33.33
26,Plano West,Zayd Mahmud,1697.1882528923293,92.87664698966951,21,1882.9415468716684,907685e77ea531515a273a0a96ec782f1e8bc0338ae6559256aef0909245af2b,71.43,57.14,0.0,0.0
27,Edgemont,Arjun Gupta,1694.1974369247966,103.40861207659188,18,1901.0146610779805,327379636ffc7428d87d6237829059be6592018cfa278e1331dc7c4ac6d01e6c,71.43,72.73,100.0,60.0
28,Riverside Independent,Shiwen Huang,1690.5172990628835,155.9456940595054,8,2002.4086871818943,2a9d196f9ab181e7fe3aedac2c42ebb89cf616cefc6678281a6789144187e905,75.0,100.0,0.0,100.0
29,Phillips Exeter Independent,James Moon,1688.1697001452926,103.67147169269971,18,1895.512643530692,a824a5f80c96bc2904495b2d8da90db7c66de0c03b4c6eb1269919ce15070bf2,88.89,55.56,66.67,66.67
30,Mountain View,Andrea Wong,1688.0683012874833,79.57564920447493,37,1847.219599696433,a4ba2148ee242b3e27d079799172b5a09cb68b7cdbcdccbc983b6b7b1a300bd2,56.25,71.43,42.86,60.0
31,Flintridge Prep,Colin Xiang,1681.3727780732268,81.30185999205428,35,1843.9764980573352,211f19e1b8fc3e45d65b4a522b8aeb3c8e4796cf90b8ab903dace8d5be828e25,58.82,81.82,50.0,100.0
32,Memorial,Brendan Liu,1678.9025509785897,137.0072164472229,9,1952.9169838730356,3e507d7d0d39318c210e4346cd61a688f7c932a65edc3a3c46ea6cd067f4cc37,75.0,80.0,100.0,50.0
33,Strake Jesuit College Prep,Jeffery Wei,1666.4260141658244,86.02700423921411,26,1838.4800226442526,2150dc088894442cbc6fb705fadd12b8073513cd49e246449c272ba81e780944,70.0,60.0,50.0,100.0
34,Harker,Nikhil Bawa,1664.2645696992383,109.94440034137035,14,1884.1533703819791,6b720224677d7d51070a0828b6dc140fbcd48e92fdaab51be0d4efa4e65ab8dc,50.0,100.0,100.0,
35,Harvard-Westlake,August Sone,1663.8652709644862,90.87313239531143,24,1845.6115357551091,ddf2811fdacdb128b3ef9a4fef6b793087a22c4c38995dfaaa886a612ea310e1,57.14,66.67,0.0,66.67
36,Lynbrook,Angeline Su,1660.799451618887,92.36132184949857,24,1845.5220953178841,49afac94ea699e0ab7262832152f7b6830541387e28571d128fb3c354021248b,70.0,57.14,50.0,100.0
37,Southlake Carroll,Aarav Bollini,1657.256133417007,108.68817461440061,16,1874.6324826458083,3a175539cbe9d730ca2126cf75ccfcecbdd59697468d0436eb4651af94993be4,80.0,71.43,,50.0
38,Greenhill,Vivek Thankavel,1652.9047113633553,119.58125214878113,13,1892.0672156609176,b4a719d41879886d1847e89098150374295cb187779d21398d0440fd2975bfd5,66.67,71.43,100.0,50.0
39,Marlborough,Rory Baskin,1652.513175468064,93.84021728564062,23,1840.1936100393452,a5feda4f388ba37b368315f620678b60baf7797fefc059ea3c73627941c00fc6,42.86,70.0,0.0,50.0
40,Mountain View,Christopher Shin,1649.3104141474248,135.36962504084133,9,1920.0496642291075,aa0a94d1d2c8c6e0959259a97bde59b205971997265cb4cbfc3bb810a802f828,66.67,83.33,,66.67
41,New York State Independent,Avi Sawhney,1649.297514189096,111.92801789430325,16,1873.1535499777026,4b8a66d54ea86e43852549a3c8d2caf23c7c3184d7d66e57c4777309d147a56c,80.0,66.67,50.0,
42,Harker,Jonathan Sun,1646.9789232473258,135.52589725785424,9,1918.0307177630343,6cfa31fa77b7df86415dd2f49e4d1e64fc3117e6bc7ea79c710c2bdc31e50de5,75.0,80.0,0.0,100.0
43,Harrison,Kevin Iwanski,1646.581300570421,111.97825288412052,16,1870.537806338662,928c516cd13f33eb26188d20f2d032e70aed45499608bae54db9a92a9173d003,42.86,100.0,0.0,100.0
44,Lynbrook,Jason Rong,1638.538960288111,96.55924632394668,22,1831.6574529360043,af20d1b14199ea3d68fed37028c9653fdcab79dfcb160627577a6e3369b88ce8,50.0,100.0,100.0,100.0
45,Papaya Valley,Adit Agarwal,1629.9283640890756,132.4752876962162,9,1894.878939481508,1248eac5fe8f79b81a50f04a512fe8fe9db31eaa7a0b57f148d5c435b5ba8989,80.0,75.0,50.0,100.0
46,Gunn,Sophia Parang,1627.793963811178,92.95536052001513,21,1813.7046848512082,3a1e447209aa5437a371fdb284f81148acea4bf6b2788a959c80567833c350fb,62.5,66.67,33.33,
47,BASIS Chandler,Wareesha Islam,1626.5761705125342,110.64622979616509,14,1847.8686301048645,24c0c697a51a9fc50b3c6c81443b3e4060b7a06e7e4a92cc55dc6a834d3b0097,75.0,83.33,0.0,100.0
48,Horace Greeley,Chris Correia,1625.3551237792326,95.28720876185236,21,1815.9295413029372,7e80d125c5744ba7f98807e0319a3081f605beba95f7721f5a910a18851e2e9c,62.5,66.67,0.0,
49,Little Rock Central,Kaden Buckner,1621.1681690148816,194.3329958929755,5,2009.8341608008327,baae36904d509d9e6dd02444661c06967d8b59bae551e4bad5cc518796fae781,66.67,100.0,66.67,100.0
50,Huang Independent,Han Huang,1617.825233169294,126.23631144914764,10,1870.2978560675892,2153122a96939fe1a45311bddbe242562358c0337dddb274572de694621e6da6,75.0,66.67,100.0,66.67
51,Strake Jesuit College Prep,Eric Xiong,1609.5623390733,84.21310524200423,28,1777.9885495573085,2f1acc62892f9e456fdedb9f372117837b568cdd1bcc0be400a0809ccbfe9fe0,54.55,63.64,50.0,50.0
52,Southlake Carroll,Ibraheem Mushtaq,1606.1950257462888,85.78176168236557,27,1777.7585491110199,d48f8d3e23487ad5c1d8c7b17b42122a82ae8d23259220342cda4a5e2dbbcaca,77.78,45.45,,0.0
53,Harker,Arush Savla,1604.142439740197,126.77139685445212,10,1857.6852334491014,0eac76a7ba072f49e6d60c127104f0385b01bd09cee084804d59cfed188ed0f8,40.0,100.0,50.0,100.0
54,Danville Area,David Nemoianu,1596.4857843081963,143.21367489491533,8,1882.913134098027,6809867fb1a9ed879921bcfc3e36529366847dfdf9c8e5ff6a07e539173d0c13,75.0,75.0,0.0,100.0
55,Strake Jesuit College Prep,Kevin Song,1596.2022225975725,80.76422268182266,33,1757.7306679612177,c084b04e4844e008b400687d9edf17b6b7208f95b064113d8e8668c0138fd0a4,61.54,46.15,25.0,25.0
56,Lynbrook,Vihaan Kandala,1595.3387037192635,97.97712724432658,20,1791.2929582079166,29e5be305a22e7cd7ed7a5f4732d7bee5fe6e3d1fd62000f865f0a11a175bacb,57.14,71.43,0.0,100.0
57,Dougherty Valley Independent,Pranav Narra,1594.6585365303677,146.75942204688025,8,1888.177380624128,9ee49ae18e975721abb7b8de622916c87a89bd747a8f94ee98947bce1a9bac28,60.0,100.0,50.0,
58,Greenhill,Ali Naseem,1591.1249503869606,115.683878229485,13,1822.4927068459306,c613fe3ca080ddb30093fad14b572444885910f2de3cea6f2c4bbb6be0227076,50.0,60.0,40.0,50.0
59,Brophy,Adrian Piel,1587.3664150298077,98.8093879261657,22,1784.9851908821392,77988dee45ed84eb8f2d1dd8eba8eeed4bc88dbf22af1245b59766298fcd5bc4,70.0,50.0,75.0,
60,Lynbrook,Shrihan Thangam,1583.3064924539867,99.9524637517354,20,1783.2114199574576,471007c98d3f28a34dabfea63714a455b7215a20ccceb0cff041dc27d30170e8,71.43,57.14,100.0,0.0
61,Brophy,Vincent Wang,1575.4519960546336,91.25457332750585,22,1757.9611427096452,ba83f84c9b513fe26407fca58db2a6ea12f0fb146c7d73205fe4a07a56d7b47d,44.44,83.33,33.33,
62,Harker,Rohan Goyal,1574.912453463056,93.25815823185633,21,1761.4287699267686,0ca552cfe5bfbe886d3fe9e76ef4d0b0197269192a4b8d8c9d458f53adf292fd,25.0,100.0,0.0,
63,Harrison,Sebastian Engle,1570.736033050605,80.52541892318959,39,1731.7868708969843,a186ee5d8d91cbfd9cb38add0241e55df73f0b9ca5f55cb92544e7e6024e9168,60.0,52.94,66.67,20.0
64,Brearley,Izzy Lee,1567.229628907062,110.82278516077623,14,1788.8751992286145,29571405a0ec033bf6090e8d58c55da148e0147a461bfcc6916f5b56351a48f5,75.0,33.33,0.0,
65,Palo Alto,Yihan Zhao,1563.675692327813,153.282287361916,7,1870.240267051645,a38e621b7b7c92a606005ec18995767786ff11ee1b2e811876a4a44198497b86,50.0,100.0,0.0,
66,Harker,Ishaan Dhillon-Patel,1560.4337214595848,86.91030648410045,27,1734.2543344277858,c92ccd5493029870b21ba1cc15b0737fc5bf2e52f3f84aa52753b669f673e81e,40.0,81.82,0.0,50.0
67,Loyola,Thatcher Hartman,1560.1940342821526,119.11695420995127,13,1798.4279427020551,4b3c844bd767661f8db32336b4df062d57bc9d71b07ff105e39f7444b928ae69,83.33,57.14,100.0,50.0
68,Iowa City West,Faisal Hamzeh,1557.803741156211,110.03205172847767,15,1777.8678446131662,1593eb37ddaebc01336c2e8f616330e32bc7d42c61e3f1ed9cf931dff7b17ce9,50.0,71.43,50.0,100.0
69,Danville,David Nemoianu,1557.5509686794974,142.78370701956325,8,1843.118382718624,c9bbcdf5b995675d8fac6cae00d894a2cba845047aa2347cd14d3501c37236a0,100.0,60.0,,50.0
70,Clear Lake,Cathryn Wu,1553.8341580546744,109.86009725647345,20,1773.5543525676212,93953612e1c71bb42d186562694e15d8dc771e9f582893f20a8fcff809fb1c39,66.67,77.78,,80.0
71,Cary Acad,Riley Powell,1550.290379917535,165.0119600796396,7,1880.314300076814,260fa6febc7e64b6bf0f480eb5f3e92bc9b5f3043cca0466dd81d52bfb01b632,75.0,100.0,0.0,
72,Holy Trinity Episcopal,Chance Hudson,1549.1549839456195,95.63530289105566,21,1740.4255897277308,b9ce32de8eb3ba870ad841acddeab961cdc5fbdfc7334bd41a7a8983a1cf9aac,42.86,87.5,0.0,100.0
73,Newark Science,Stella Rodriguez,1544.9973965811,100.62227329129156,19,1746.2419431636831,643f0bd294c742768f1d0c4d683ca0ee7dd743eaa59bf631ed625973bc1ee0de,57.14,66.67,0.0,
74,McNeil,Joseph Lijoy,1537.0501712440455,147.58617917921035,8,1832.2225296024662,652b33f11c038150c7d1db4c495176f429b27667ede0367bef85bd878e84b112,50.0,100.0,0.0,100.0
75,Strake Jesuit College Prep,Ayaan Yakoob,1533.4282322708307,88.5446261133625,23,1710.5174844975556,4670d0470b85185789212c15af52586fdbf57e56fc0b463f034fba0158512742,55.56,55.56,,0.0
76,Memorial,Evelyn Shao,1531.181243704242,108.35938213082986,16,1747.9000079659018,06e4582996770d731b5a10a55cd596d1add0b7802677d4ca4d078c6db6954fa7,50.0,75.0,50.0,50.0
77,Trinity Prep,Graham Paul,1530.4592179131423,153.29206083286186,7,1837.0433395788662,0b517cea70e7a2bebe33577be7e4b3bf60919b73af79765ae66b53127de46458,75.0,66.67,0.0,
78,Ardsley,Naumika Naresh,1530.1557058470894,112.26810809025092,15,1754.6919220275913,b0962d37e3857162faefeb4e3cdf6437996db0371630531d57919acd8a8aee38,42.86,75.0,0.0,100.0
79,Independent Hamilton,Grace Jiao,1526.9904411846421,140.80249678961727,8,1808.5954347638767,dea2265605f9a003617f0696970359490797ac07b2c3ce5b81375e1f33128ddc,50.0,100.0,0.0,100.0
80,RFS Independent,Elliott Wildman,1524.9280494235911,141.9606954305209,8,1808.849440284633,4b755846a82e5fc2d9a7eb8cb8e1936497f8c1f29d2dad6f0cc589e49207e653,66.67,80.0,,50.0
81,Strake Jesuit College Prep,Nathan Fan,1524.8840775566769,116.24880793688868,14,1757.3816934304543,cd4864d4889a57111125d9840290a7c3191e8f98d349a23dad814ff061c01840,83.33,50.0,,0.0
82,Immaculate Heart,Audrey Eckert,1504.4699235798644,90.7613883171442,23,1685.9927002141528,3a5018dcf4073b7a2267c86623627fa54213bb29d6faf16636f9244a7b6a202a,33.33,75.0,0.0,100.0
83,Southlake Carroll,Adhvay Thummalakunta,1503.2216695551326,88.84651216927351,27,1680.9146938936797,579e93ed7bdb534016e815107d3aff997756cbc7664f54c897058b97a8a355f0,54.55,60.0,0.0,100.0
84,Harrison,Atharv Gandhi,1503.1467513410078,88.0301652719623,26,1679.2070818849324,10db764d4a393447a87136b19f3e68038bee25a443803564e4dccca962e3f7cc,40.0,80.0,100.0,0.0
85,Lake Highland Prep,Zachary Morley,1501.089723179749,160.11254093943282,7,1821.3148050586146,f440f275210b4d39c4c4a6090f1c4961519ca3915eba0779eed38b9750880305,75.0,66.67,0.0,
86,Harvard-Westlake,Owen Fua,1499.6140164671901,155.41525659241728,7,1810.4445296520248,6858e5e26e6f32acf8339fb856ff496e9d77c692bfbe3e0d365d01accdeec63c,50.0,100.0,0.0,
87,Strake Jesuit College Prep,Diego Villareal,1497.7614402181305,112.69379965165372,13,1723.149039521438,cdaf14c00cd6f09734efa32759739751c3c50c5c0677bd3af66ea7d62e34b909,28.57,100.0,0.0,
88,Greenhill,Owen Gao,1495.6962152861292,93.97493262391207,21,1683.6460805339534,dccd19c8009db812c55ef1da51189a2456025e9463965e08abd92fd1c0aebb4f,57.14,57.14,0.0,0.0
89,Mountain Brook,Winston Rocque,1488.5920442359834,131.88345605461274,9,1752.3589563452088,c325261dd4230121e9ee0e863465e1c527a79ab1bca3705b36de5a6b5743f875,66.67,66.67,66.67,
90,Marlborough,Alisha Kim,1487.3831439682078,98.77183140156637,19,1684.9268067713406,94f3c723853a53ca946939d329ce72f005f3b8e6d787332f4b1952ff7952ab8a,33.33,71.43,,0.0
91,Marlborough,Daena Kim,1486.8199455535719,118.33996391716146,12,1723.4998733878947,1ccd6f92ff36229f9cf5cdecdc8c3a62bedbfac5fd1bfaca202aa623fa910244,0.0,100.0,,
92,Marlborough,Elili Flore,1484.0443993484564,90.96043986228,20,1665.9652790730165,05bf9640d1e38a4c3506e55ebf7616b791aa4099aed565c5b583f31d60c303a6,50.0,66.67,50.0,
93,Strake Jesuit College Prep,Lucas Chritah,1483.26678014164,139.89556315546443,8,1763.057906452569,9c25e334f70e71acb2124a163a97177686e2fd3cacf02a4581d95b6b47b1c8b3,25.0,100.0,0.0,100.0
94,American Heritage Broward,Roshni Nair,1483.09982962615,144.65190732315938,8,1772.4036442724687,d2c121a59564a1252992923ea5fe4b7c6df07323a799a70916a3fa2cace9b7e1,60.0,66.67,50.0,
95,Fairmont Prep,Aaron Wang,1482.299723053207,152.03000766280636,7,1786.3597383788197,15aa98d5f2b771847436b9cc56d67a2c3aac72bc030b0d1ddf03a9a8270add79,66.67,75.0,,0.0
96,Flower Mound,Krish Kulkarni,1477.7142967915483,149.46299946346352,7,1776.6402957184753,c9065e5afd606d61ea772259303619fe7d57f07525cb506503cb23c4da0a110c,100.0,25.0,,0.0
97,Sharks Independent,Kevin Zhang,1476.5168309668124,139.31733072181572,8,1755.151492410444,16c7e395268a61f1347c3ce9432aa14f0846d3b96b340188ffbfed05c87d213e,33.33,80.0,,50.0
98,Harker,Luke Xing,1474.165598815411,152.04696891763072,7,1778.2595366506723,82783241947cc1723ed686d5b0f65f6cba456d4ea5375e66dfe009b5481e92df,100.0,50.0,,0.0
99,Harvard-Westlake,Jacob Waxman,1470.047136509844,129.07577825368818,12,1728.1986930172204,1b4145dcd9d18e95de259bc42c97e2f135d900b93f93e628c66f83ef76829629,40.0,71.43,0.0,75.0
100,Harker,Ryan Lin,1466.653750307057,112.06415297018069,14,1690.7820562474183,f7f9c698858bac5ce4aa404fc3155a5fecf1a604c4875a89d5eb0de91fb3f849,37.5,83.33,0.0,
101,Rock Hill,Tilak Datta Iyer,1464.3261908755594,140.51216107463807,9,1745.3505130248357,28882a1672935c21891f0b00c47ac112df72f52dfd76b86acb9decf4c0fee822,50.0,80.0,0.0,100.0
102,Sunny Hills Independent,Jonah Kim,1461.5119794612945,113.13574634776907,15,1687.7834721568327,9758c936b2645bd5c36b87c085c31276baf29db2f8964a1595285927a220a2e2,62.5,57.14,50.0,0.0
103,Lake Highland Prep,Neel Aparanji,1459.1229862280652,161.42438557635336,7,1781.971757380772,cb017db6d20507163c9c65256c87d8b16c5c77c901d24a80f60855daf5b802f9,75.0,66.67,0.0,
104,Tom Glenn,Jackson Meekma,1458.5747931521043,146.3691943157529,8,1751.3131817836102,fd4c5dfe36af4735e717822bc749d736b58fefe475ec9ea8c529303fdd7d97d6,33.33,80.0,,50.0
105,Wheatley,Ayan Mahajan,1457.8094544306398,125.34064965396227,12,1708.4907537385643,532a9efe23d724927272cd1f8267673f9882b00d873833e47d62a3a30e985ae6,66.67,33.33,,
106,Marlborough,Chloe Swidler,1456.4306285432876,101.45673735457206,18,1659.3441032524318,f4cb76c2fc4fe34b14bf45b1d101410925254f59efcefada81f0d03e66b8d0c3,50.0,50.0,,
107,Durham,Gabriel Whangbo-Olvera,1455.6198334597957,145.6403345457404,8,1746.9005025512765,c9ed2b63ba1378c72961a043ea31adebe70ba1a00ff213ad52d79782fa52be3e,75.0,50.0,100.0,0.0
108,Park City,Mia Sawyer,1455.2500180369664,103.6383898371781,18,1662.5267977113226,7061db75fe99177f065eb7bc2a6f367a64e6ffc58846b2ca8d965d4053ce08a4,50.0,50.0,,
109,Meadows,Teighlor Bloyd,1454.1899336435413,100.87485205603834,19,1655.939637755618,487f2f1c6096625b3d1f9c23aa7e258a8a72bd403a03a31293ea0cb1176e0db6,50.0,57.14,,0.0
110,Cary Acad,Teagan Bolt,1451.423739332935,101.62353817174586,20,1654.6708156764266,ba2888e3f1018df8b6ccf91d2ecb47cf9614b776d87414ca13f61cbddc37a28f,42.86,71.43,0.0,100.0
111,Dougherty Valley Independent,Stanley Liu,1450.6718815478716,155.27217611282126,7,1761.2162337735142,e133a21a6789299b3642826579a0adf0b71d9c308f98d6a038090a039e5a4ff1,66.67,75.0,,0.0
112,Pingry,Sophie Hao,1450.564507556768,123.0580144011559,14,1696.6805363590797,fcb754c337784688c4edceead549fc53d162f452233d8e28847f8442510ae89c,42.86,71.43,0.0,100.0
113,Immaculate Heart,Olivia Amir,1450.260493318243,90.43418653841026,22,1631.1288663950636,702539363c5b80803310604020e62910239804fffa5e971091227faf133b5411,44.44,57.14,33.33,0.0
114,St John's,Wyatt Greenberg,1448.8892869314996,88.05195172631645,26,1624.9931903841325,a9f177e0a45a6adb956c4a8b6346122c89ae3126ef3b61906ef1af2cebd9ebf3,44.44,63.64,,50.0
115,Harker,Stephen Gao,1444.6795967289227,152.81402589895134,7,1750.3076485268252,f77cd7e51b6c11248920399e11dab7490ba90fb980432504f72df9b9c2c215ca,50.0,66.67,0.0,
116,Milpitas,Aarav Mathur,1442.7425508579624,147.15234534038825,7,1737.047241538739,3d80b01e0bff96cf228df5ae81ace787b89c33e26e4f6c75818423d3c9ba8a71,66.67,50.0,,0.0
117,Northern Valley,Aaron Choi,1439.6491278939986,141.83129664023065,8,1723.31172117446,73fdbe018c6a06c50156747b4e2cd5a930bea547a67cf1d4a2b9889431a6e486,33.33,80.0,,50.0
118,Harker,Jackson Yue,1439.0898868301051,116.01168539861636,14,1671.1132576273378,9b0cb96837564ea3aea9e9a606dcd9e14246031d03b0c8d432480569613e8ccb,50.0,62.5,,50.0
119,Harvard-Westlake,Elijah Yguado,1436.814944142156,106.0488942499077,17,1648.9127326419714,b76b414cd869b0ca3e3bd3c2c08e92aeb6c090805e7e50c8e7e620d3261d3b4f,22.22,87.5,0.0,50.0
120,Fulton Science,Adhiyan Karthikeyan,1436.1842150850975,149.96542527779036,7,1736.1150656406783,a2d3a79fa191e1fc21023a9a20dfc0250e4c7a6ed6bf1be23b8095f7e07e9733,50.0,66.67,0.0,
121,Millard North,Lucio Turco,1430.3676829274598,112.75662349769375,15,1655.8809299228474,da059f20fb750f461f080e34cb1042671b3d1cf5bad0a68b7bc2721b0db515f5,57.14,62.5,0.0,50.0
122,Lake Highland Prep,Amitav Dalal,1430.0032625749664,145.39271706877966,8,1720.7886967125257,2f19686bd70f0b1e7965f22c61fc77e5e96b0a6d15be8412de8d2d38a4508e60,66.67,60.0,,50.0
123,Archbishop Mitty,Ayush Gupta,1428.8228747169885,142.83342543276333,8,1714.4897255825151,052d1c9bc918ad931119c61e06454efb4e9512f35c17a9decae7c33c5d28e751,75.0,50.0,100.0,0.0
124,Monta Vista,Steven Chi,1426.1568760073615,106.33567578755887,19,1638.8282275824793,119bb37c1e9c487228070d493b5d710c3c5899ae6ba8fc03e5786168fa3e1da6,55.56,60.0,0.0,0.0
125,Edgemont,Anya Pathak,1425.40238188795,98.74736720420162,21,1622.8971162963533,7be5ab1223b5004846156a334c8b75ce5f54ceae0673eaa557b7d301891170c3,57.14,25.0,0.0,0.0
126,Strake Jesuit College Prep,Soluchi Aneji,1424.0178089097694,87.87089005302194,26,1599.7595890158134,40be461db43ae754fb91d16b196c20bacc70fc9de024f7f31e503eaee1fb3afa,45.45,55.56,0.0,
127,Lake Highland Prep,Adam Wayne,1424.0158149068784,147.0190108671603,8,1718.053836641199,4ac76d8008f297eac6d3c77b17c0a6494325307393b0774f2cd6663653ebb55b,60.0,66.67,50.0,
128,Phillips Exeter Independent,Gabriel Koh,1423.1423040478587,151.1244875567617,7,1725.391279161382,7f2c3fd4f93c593928b833ebd5f1d773ce33fcfec0edeb05f7ef33561d97135a,33.33,75.0,,0.0
129,Research Triangle,Karan Parekh,1423.0086019792434,119.27678303518799,13,1661.5621680496195,bdb8359671a1e88d45c0c81682b7e859e75a2ee09da7c2b91506892f600712c2,57.14,66.67,0.0,
130,Carlsbad,Graham Tipton,1422.9250024369844,114.514801796808,14,1651.9546060306004,ccec1bfea47005c2ccd488bdcc401ad93a98321f86d94824dc32b0ac16bd3d5e,50.0,62.5,,50.0
131,Jericho Unaffiliated,Lori Li,1422.440423801242,145.6633393264932,8,1713.7671024542285,31e5255024e657aac3dc6c9bf9124510fb79215e05c46fb8cf6a1f4c32e39157,100.0,25.0,100.0,0.0
132,All Saints Episcopal School - Tyler,Isaac Dale,1422.2935119631152,99.81658741774143,18,1621.926686798598,d2950576f14790326dd3e2f4673de092a431e2f6c9fa3899346e9ad089fecdeb,50.0,50.0,,
133,Flintridge Prep,Connor Kao,1420.997092306065,140.69615777578193,8,1702.3894078576288,a7f5bd764f08a5cec49641ae1bafd7941f7ae8675e009e06ccc35eaacf304524,100.0,40.0,,50.0
134,Dougherty Valley Independent,Siddharth Vedam,1420.5282499809375,142.38321548385065,8,1705.2946809486389,2cb07ac52ef250a67aa442b0eb39df6b60042f898523801fbc515e51f30ddbee,25.0,100.0,0.0,100.0
135,Portola,Jayden Lee,1402.4126544480878,151.0992426332614,7,1704.6111397146105,7e838e64894aa3098f5518bcbecd283dcf38b0392b8c01eaa9862e2bf634422f,25.0,100.0,0.0,
136,Archbishop Mitty,Yatharth Sathya,1397.195237792793,152.0468058278467,7,1701.2888494484864,29c5ac9b700d47093b8b1f7f4e89149198c63a00964ec4b1ae9109c6c7f9f66e,66.67,50.0,,0.0
137,Phillips Exeter Independent,Tesu Ham,1390.3098309968236,151.41438646855892,7,1693.1386039339416,d6c9912bf17acbfeb00173f2c19bfece5660334112b2a59bd699f7d28354ad15,66.67,50.0,,0.0
138,"Russellville HS - Russellville, AR",Madison Mckown,1387.7326679666473,148.39368384188685,7,1684.520035650421,55ebe021191886d10cb1d23cda7ab02c3327949bc78fe80f7942f23762c39014,33.33,75.0,,0.0
139,Harker,Jessie Cao,1387.198203939247,105.65761531840079,18,1598.5134345760484,c4e0027cf9be4c6d3f518ea20a4f87fb7b91f8083a2b2376ed9046df78ddc594,50.0,50.0,,
140,American Heritage Palm Beach,Nico Ignatowich,1382.7924328425997,140.78745617124787,8,1664.3673451850955,b4a3b6c2d7fd9c10d61559255dda9d6a58741f0bd9d13d652db4ba0dee2db56f,66.67,60.0,,50.0
141,Eagan,Nickole Lin,1381.4070215653458,114.96456010973316,13,1611.336141784812,68e1b049f2cfa1276a7c68b704bf4394c3031c3110bda60d2bcd8301465caad9,42.86,66.67,0.0,
142,Harker,Aman Ahmed,1380.5080957278988,123.14700072905379,13,1626.8020971860064,4c1d5b6e58ec64059706065af76e5e1db60e283c08e0aa205ce3d8d90ff187d2,57.14,33.33,0.0,
143,Phillips Exeter Independent,Amber Deng,1377.9336554944944,153.4138847246616,7,1684.7614249438175,2acd762fcdfbf27e6db307edc8d592a01f34cd8d6b05bc878b6ab51ea812860b,75.0,33.33,0.0,
144,Grapevine,Isabella Hu,1377.2042349012586,138.11699635751768,12,1653.438227616294,578593e50a71b685ca214f5a7847821ac7fe55335a34a807c5d70e932a2c08ed,66.67,33.33,,
145,Lexington,Kevin Zhang,1373.567779672494,117.43959177015853,13,1608.4469632128112,dba1bf2a9543b557dfb6e26f39ba6303ae8da15baf4d492340ce7788b83cf253,42.86,66.67,0.0,
146,Dulles,Claire Zhou,1368.7607206787407,155.39388935582787,7,1679.5484993903965,48218afaa77af2fc200f71b9e29badcef7f25e6cbd024c5f540cf77de6d90079,33.33,75.0,,0.0
147,Westwood,Ayushi Thakur,1365.1301257730875,116.84259015938403,12,1598.8153060918555,efcfbce4ac349cc284357a6ae843128067b8e40c86e466a148eae5e4102ebe54,33.33,66.67,,0.0
148,St John's,Daren Hu,1358.5312564346389,92.5848693016084,22,1543.7009950378556,77d9809faab4bd384557085664878aa6ce9fa8a2f388dfb0c0e72a0347185ba4,33.33,62.5,,
149,San Marino,Ethan Chow,1352.9649795801085,150.70814349195427,7,1654.381266564017,d3ac2359866b020b32bd159d97d62891a48646e015625a8983a627f118c4fad4,50.0,66.67,0.0,
150,Riverside Independent,Princeton Kang,1352.504173375707,156.1457350943993,7,1664.7956435645058,3c26cb47064086d323431e2042455086b06469fde0417d51280da7b3c950fe6a,25.0,100.0,0.0,
151,West Des Moines Valley,Seth Smith,1342.9526651251967,152.0866162158744,6,1647.1258975569456,f032379520042243383e14ecf5156a004b740cc8ccd44edded41c01d60bb19a7,66.67,33.33,,
152,Peninsula,Stella Pellier,1340.5465535528785,98.65823359350496,20,1537.8630207398885,a9988710f46ae6d9439226b3e96223553296fcd91398bf5da38265c6cdfc604c,28.57,71.43,0.0,100.0
153,Peninsula,Ayan Uppal,1339.020842548708,151.97098537877224,7,1642.9628133062524,c4091ad56ab8b08bc96fd64cbd4cb8c7cd9ec06f0615a1d9e755e4e8e7a4d53e,33.33,75.0,,0.0
154,Memorial,Anna Dong,1335.6071578489639,149.38228178383665,7,1634.3717214166372,e4f2829353698fa7a14ac31a731755890e5a6dc5e4c32a4a6bd63bc6da780954,50.0,66.67,0.0,
155,University,Alex Huang,1331.5207212172616,150.06679419051204,7,1631.6543095982856,18304ad0f5dae730737d1ed4dcdc1f71f08badb950e004e045bd9c835cb02a35,25.0,100.0,50.0,
156,Sharks Independent,Kylin Wu,1330.515804704246,146.34171854198627,7,1623.1992417882186,2be25dd96dba538e3b4b1f6052d1a81a0858a253c4f5168e4981ab342c8eab8c,50.0,66.67,0.0,
157,Bronx Science,Amira Miller,1329.5549995099423,151.4895352047598,7,1632.534069919462,6861fef0fed94e224d42f1ebfd22f9eaeaff4b3bd449b31f830f7ebaf126f68c,50.0,66.67,0.0,
158,Gunn HS Independent,Ira Tiwary,1328.1943996123955,146.06537017893274,7,1620.325139970261,cd1c8d2dab5c191d560a5893b9cf73fa27b1b0bf94adc86d0a562f6ceeb5763b,66.67,50.0,,0.0
159,Westridge,Yuna Wu,1327.4943184263295,121.99287493251903,13,1571.4800682913676,1cf8126c9b383018c6aaacb945975e09a7cd91a7ee764cbcacdf2b7d4f52bab8,66.67,42.86,,0.0
160,Coppell,Mezi Mbanugo,1322.234581406649,102.7692255583354,18,1527.77303252332,3df183c44e32788af916a85cb8aa54b3f64f2eac642a544750ca929257446a55,33.33,66.67,,
161,Harker,Jay Agarwal,1320.1597096912856,149.93926022217397,7,1620.0382301356335,8e9102f9448e3df8706a2ae4e55ff39e7be29c9e5b1427fa5f9eec3dafd98c85,25.0,100.0,0.0,
162,Commonwealth,Julian Bernhoft,1319.772041143213,151.62225045976595,7,1623.016542062745,453e66f2e873a02cb56c4a3dc5511131c8ab55ea275d2d3ac3e03fa3606dadf5,50.0,66.67,0.0,
163,Winston Churchill,Teague Cantey,1317.7450401842987,162.88576823990377,6,1643.5165766641062,d26b4f80726b345d62cceebc017d9180fbb305d860ed973c560a4c6574eb3ee3,66.67,33.33,,
164,DuPont Manual HS Youth Performing Arts,Aanya Veeranagoudar,1315.0478293863366,157.7559576468172,7,1630.5597446799711,723fa3f46ba616c7b9d2eb127c10c0adf6830ed7300c417803835154e77b2cb9,50.0,66.67,0.0,
165,Hawken,Evan Bai,1308.072121258651,152.63466557067235,7,1613.3414523999957,4b6dd872e170785d781f0a7ef69a6fe7a8c0a8d15ec7bc8884896a4478e2c5d5,33.33,75.0,,0.0
166,Princeton,Jaden Zarate,1307.1260218872408,156.10995739098254,7,1619.345936669206,40d266262a3bf282eb4a3e44e23bc1654ad788fd495d0262c3a242608375dd6d,50.0,66.67,0.0,
167,Pinewood,Claire Au,1305.408294930469,118.82909057731321,13,1543.0664760850955,cca3c7c277912ce37e1cdda5a8ce4eaf827077d32630ef1114f5dfd253ed0b46,50.0,57.14,,0.0
168,Honor,Aryan Sharma,1303.9132634613275,149.56367481918647,7,1603.0406130997003,16a6a7fb0e16c9c2dde4dfa8cbf3a4e1cfb976c0fc8bdbf6e98aed2b45912075,75.0,33.33,0.0,
169,Strake Jesuit College Prep,Benjamin Correa,1303.2636928669376,163.05088125974183,6,1629.3654553864212,16d2987145326834b61032c1f18d08a38781bbcd8c312c428a540c7f3f98c584,0.0,100.0,,
170,Harker,Krish Arora,1300.8080185165334,122.43912382882398,12,1545.6862661741814,f884cba1356534b7770b8bcbae631b7cd1466459493264459be69e9e8daf824c,50.0,50.0,,
171,Marlborough,Julia Kang,1296.2099257242621,125.4911679113762,13,1547.1922615470146,81117ea2713c5b945ca4d6dcbe1f59903cfa8a453a5db65ac19f96123697d015,28.57,66.67,0.0,
172,University,Sam Streem,1295.7675639420695,154.328489369605,7,1604.4245426812795,e36c47e9b1d60d25cbf722c8a8cf54ab4d4d9f3f4204b19abf718f825d5881f2,50.0,66.67,0.0,
173,Mission San Jose,Siddharth Lagisetty,1294.617215389835,153.68841844592544,7,1601.994052281686,58949471f0c351a82cf4d15d5a6b76c56c2a175a707b4d5c49cd0f36523ff18c,66.67,50.0,,0.0
174,Peninsula,Jack Erikson,1292.0744665147604,144.93711872492355,9,1581.9487039646076,e0f5a8f2f27376c172ffd18ce98dbab3b37633596f0fd83d3e03431dd3f75ced,25.0,80.0,0.0,100.0
175,Southlake Carroll,Trevor Bean,1287.8646842131652,159.86251521073234,7,1607.58971463463,4b250eaada0ae2babf37efa2e4a5fcc43856a5bc35a47dfb0f759e4001ee4156,50.0,66.67,0.0,
176,Hill,Sahith Mangu,1287.8443780921177,131.08222708197505,11,1550.0088322560678,9e2947f51a2da5a752bdbffcb18c5b59962bf8cc862718b75d16f115416865a7,40.0,66.67,0.0,66.67
177,RFS Independent,Jayveer Mehta,1287.83880168612,161.28726013264617,6,1610.4133219514122,28548a4281815bf9de7ba9da869bdc0b08e19212e005aa24c4d74ca4632e3540,33.33,66.67,,
178,Eagan,Ethan Mann,1286.9313885946706,119.02527359388715,12,1524.981935782445,6eda058af8175def05647ded183c4d60953356e1d9db69433915f44b6682ae48,50.0,50.0,,
179,Louis D. Brandeis,Siddharth Rao,1286.7686956432572,98.54065328521509,19,1483.8500022136873,f8fedf7b5389b13984930e0aa62700027150f00204437c578a9b3547124aeacd,66.67,28.57,,0.0
180,Dougherty Valley Independent,NagaVikhyath Malineni,1285.808928276896,149.05306929224554,7,1583.915066861387,dbb5c4abc32820ee932f17e6e2995748077d0ead354b5b109182f8e3115f463c,33.33,75.0,,0.0
181,Harrison,Paige Bianchini,1283.9652073445322,123.2234848660285,12,1530.4121770765892,44a5e907c1ea299a6692a07c40ad3bc2bbd8b3a7a6dbb7e68c52a557588a2af4,33.33,50.0,,
182,Harvard-Westlake,Hattie Pfanschmidt,1280.148927164043,166.69811139638628,6,1613.5451499568155,192fab80f2473cf46cfd80420b5ebadad1d4cebf609561337469cd03cae891f3,33.33,66.67,,
183,Mountain Brook,Sam Williams,1279.157570458426,144.83732431641673,7,1568.8322190912595,886df3393be8bf70a4516d350c21562e6fc90976456ec8a278d5f262ca62b994,50.0,66.67,0.0,
184,Boerne Champion,Caleb Wells,1279.0106359936713,107.6440425255856,18,1494.2987210448425,1fed4ea07c8c692b3401d5443d90ebbfd3375c0694272cf8719c434733dd852b,50.0,50.0,,
185,Harrison,Jordan Blake,1272.4219497987697,158.88816649514246,6,1590.1982827890545,341cb0dc6fd08ae508b23f7ff8a034e217fd4c58f923b2855893e2a8bf79f252,33.33,66.67,,
186,Cary Acad,Levin Ma,1270.8346616605554,152.99916881007155,7,1576.8329992806985,8136a866a67663ed41375bea8c8212c52dec85ec29291c9f45144d9828b51d9d,50.0,66.67,0.0,
187,Coppell,Jenani Sivamani,1270.674285654197,161.8743367352271,6,1594.4229591246512,5047057e499a2f9d3eab3bd6c638bd5e5767ea04104cd2b59f0204aad92be52d,66.67,33.33,,
188,Westwood,Aarya Patel,1270.5385782325625,128.22301954182268,12,1526.9846173162077,275a24245293d03575e7184016cf072f6c4220b9e8fe0c12b53cb1bd7337585f,50.0,50.0,,
189,Strath Haven,Michael Chen,1270.3257520925285,109.7431009964661,18,1489.8119540854607,430bd5d090d34a11716dd6dc1f287ef7c389f87e8080f5a13e02b6b623e82654,33.33,50.0,,
190,West Des Moines Valley,Linni Vo,1268.1105483551398,155.00572203301093,6,1578.1219924211616,3de51b3630d7ca32c6a267304707d0338cda35d52da848ac87bbdcc263d90c45,66.67,33.33,,
191,Shipley Independent,Draco Ma,1264.9025446406276,177.51740214243432,5,1619.9373489254963,998953248483a775106a59137181a70ed466bd70c61b09fb0ece16e6e3f8dffd,33.33,100.0,,
192,Mountain Lakes,Ishaan Goyal,1262.596097933248,166.0695441926478,6,1594.7351863185438,d9a9676937968167763a47c2ff1560aec8cd972476309abe9907e2b084151884,33.33,66.67,,
193,West Des Moines Valley,Dannick Nzimi,1262.312068806245,102.55712160037939,18,1467.4263120070036,f1d482117e01b9caef7557819fa62d0a4b9a663cb7175204eae71571058cbc48,33.33,50.0,,
194,Colorado Academy Independent,Hendrik Jordaan,1260.9590639233847,167.8814748567136,6,1596.7220136368119,c07e53ec87e8b8b5a88a0b36d72d8ee5d60bebfa2ca79e669b250f05641965c5,66.67,33.33,,
195,Marlborough,Ella Pishva,1260.7481506523761,103.54572067808347,19,1467.8395920085431,16a84bdeca3ad0dfe605f7019e652fae549571afb802326c7edd129a790a3881,42.86,50.0,0.0,
196,Marlborough,Maya Fischer,1258.2275841000112,122.77947433465648,12,1503.7865327693241,0abcf611f199400208b4bde75a59ac8784900c690d47146a0a36375d20822600,33.33,66.67,,
197,LAMP,Rahaf Kunnibhavi,1254.1609288393963,163.50272438416835,6,1581.166377607733,eba9f4fe8a08b84144e5a8ac635f8b2d31a6d01f66e114cfc03f47b0b7176e07,66.67,33.33,,
198,Dougherty Valley,NagaVikhyath Malineni,1252.9897759461778,161.8793915825017,6,1576.7485591111813,1bd437824c3797df7f5c3a9d0036a435b948e090cd855b2a523604d6bc046c2e,66.67,33.33,,
199,St Andrew's Episcopal,Melissa Khadivi,1252.3056839882076,160.4851992710885,6,1573.2760825303847,ed0a7f8826bb3908497b3f7c41fd1309a3ce4ad1a956210b629b87a4d0f8b0be,33.33,66.67,,
200,Sacred Heart Atherton,Derek Meng,1250.1978910201703,160.93811094178102,6,1572.0741129037324,2194610dafa1cb504299fc50b1762195eed6dbd0bce2049de69169566b2d2139,33.33,66.67,,
201,RFS Independent,Ennis Elferrane,1249.8471901532819,161.70169789878295,6,1573.2505859508478,1f3367790598450b9c13aee782b172f4a4b3b041c3e9d7cfb239cc051fefe682,33.33,66.67,,
202,Emerald,Advait Wankhede,1249.557081538283,156.03073472394385,6,1561.6185509861707,108031a9c8ed4ea2789eb9e90f8daf3f6f56584b159f1f368ac9ca57e982c8c7,0.0,100.0,,
203,Pacific Collegiate,Jayden Xing,1240.941861730404,165.2111484826142,6,1571.3641586956323,f3a45343aaf70176df0202f0fd2de92856b46eb51d2666d63d667139055161f2,66.67,33.33,,
204,LAMP,Jongwoo Lee,1238.5919062741925,125.26299564748676,12,1489.117897569166,da32274e548aafffd03302e9341be0925073e88062fa86b2737539797a39ad19,16.67,83.33,,
205,Apple Valley,Zachary Craig,1233.8226354226865,161.7138631224647,6,1557.2503616676158,243c3f785c4ed8899ae484cb1009dcc6020257f148be369b6f0aa5cae9cec25d,33.33,66.67,,
206,Marlborough,Sara Tateshima,1230.2792488518896,167.2995354975085,6,1564.8783198469066,9e88683fb7f1ecd199813288259942893123e5e9797ecd1038b0952bf9c9aea8,66.67,33.33,,
207,Flintridge Prep,Ekam Dadwal,1226.1631581094402,124.28149054830797,12,1474.7261392060561,6f8afe8ada1e7b1d745efba1fd087081ec2421b577cf5ab7394cd751470b1682,33.33,66.67,,
208,Millburn,Adyaan Kibria,1225.471071859853,157.34632434236156,6,1540.163720544576,6e19d6ab513a5e15da6d371435a598ffa593388fc5045763fcb4a921ef85e3da,33.33,66.67,,
209,Isidore Newman,Maxwell McBride,1223.5206515173888,122.36591429066645,12,1468.2524800987217,10122492fd463c52a03234f664cb788296be5b82e65e91e99ce21ab1db5078e6,66.67,0.0,,
210,Loyola,Ethan Dumper,1222.7249196199227,214.02004881587317,3,1650.765017251669,8eee524dab0a44d406900ebd2423dead5e4cc197531d9a0ba3aff31cd96f0b15,50.0,100.0,50.0,100.0
211,McNeil,Kashyap Vadlamani,1220.6425062581734,163.30662590807083,6,1547.255758074315,3ec21650c782f2ab1887bbaf09330d95ca16bb0b64dc65d1691f9ff881cb6d52,66.67,33.33,,
212,Walpole,Shaurya Panchal,1219.901186380013,160.1526966394717,6,1540.2065796589566,8d828c650b6a0d7bade43f0a41453271d14a22abe7b9b1c4842bc9faea60143b,0.0,100.0,,
213,Scarsdale,Anushri Rana,1219.675884594921,164.22290560680128,6,1548.1216958085236,c5d46debfea1b9db22ed627922bcf1e374c7fa54995a74fc2a649076fb76a6bb,33.33,66.67,,
214,Greenhill,Samy Santosh,1217.167493433782,95.56797482068791,19,1408.303443075158,be851899ded8c6e1a97fa25e3ef2eb363e3cd9836303fd24d3f4652416aab3f0,42.86,33.33,0.0,
215,Lynbrook,Skanda Vasishta,1215.5198113552208,160.7915814994271,6,1537.102974354075,bdd0ec2af3a6a59a36a0c43de04e80ba2631dde0397612438ea63372329c19b6,66.67,33.33,,
216,Lake Highland Prep,Sanjana Mannepalli,1212.94676535578,160.34678274417897,6,1533.640330844138,09682350b5a47306a15b8b7d8c002f51b39c8fe1bfbf87b0f753777e44b859fb,33.33,66.67,,
217,Iowa City West,Advita Arora,1208.0261589373554,122.58547410385539,12,1453.1971071450662,49eb81390741308cdc3921eb272760647ef140f86985594670e98992f051290f,33.33,66.67,,
218,Westlake,Miranda He,1206.507901710507,98.63761944574527,18,1403.7831406019975,4dc290f36765cd32e146a4db3300d3b9e63b792c97cfb8f871af4553d92e681f,33.33,50.0,,
219,Canyon Crest,Calista Ding,1206.4643082326202,111.55516658269745,18,1429.574641398015,e49beeb64eaa1515316961e19315ce87e9fecb10867373e2ab4cb5f08e04b9c2,50.0,33.33,,
220,Strake Jesuit College Prep,Jonathan Yang,1205.1646886934902,161.35290862682567,6,1527.8705059471415,ab5272d6d8c9ae049aee983f1445cb90947802a18133464ae41ee7461a7d0db3,66.67,33.33,,
221,Valley Christian,Yohaan Narayanan,1204.9723645721692,160.48491727960516,6,1525.9421991313795,6bfc5764c77f0ed936e5c0a802278de4474bea3c0516a714ee4a066c97053fc8,33.33,66.67,,
222,San Marino,Caden Jin,1204.0994469515647,173.22954175528903,6,1550.5585304621427,6b44a3566f0a5814fb84f3477c0c073ac2b97d2d4b80cb7f5c48183eb54a3fc5,66.67,33.33,,
223,Jericho Unaffiliated,Yifan Gao,1202.6131286392156,164.72439646310016,5,1532.061921565416,b6d84268fe7aa7b68e37fc79b107f1d5416ab57ec1c2e9d360bbbf6ea0c473b0,33.33,50.0,,
224,Marlborough,Sami Shapiro,1201.3580507543343,162.91534281164826,6,1527.188736377631,cd70875256d04f07ae314b18ebb407fb249077a7639687c60d15931abef916fd,33.33,66.67,,
225,Marlborough,Joy Wei,1200.5302222004264,160.5437410311994,6,1521.617704262825,c5ae3ee1d27a85e82969f087d3cc2d7e970924bcbbc6d24b2808420e943410b8,66.67,33.33,,
226,Strake Jesuit College Prep,Franklin Barron,1199.1436917115525,170.860808429898,6,1540.8653085713486,76522d0a466ddfe308eedce2e29db9caaad721a981a273f86000cf066c7ed8b8,33.33,66.67,,
227,Saratoga,Soham Garg,1198.9548712768196,170.622427778992,6,1540.1997268348036,b4aaa1d1bb8a07881b143b42b47e59bea29e7b307d3d2e99864926fe9e87c65d,66.67,33.33,,
228,Kinkaid,Chris Mo,1194.112635212212,164.15930200547854,6,1522.431239223169,604f9a7c77f8285fa68e4216f77ff4397876beb19d7b71df78f0522845814fa3,33.33,66.67,,
229,Boston Latin,Abrielle Huang,1192.29992142519,156.65023978027284,6,1505.6004009857356,03fdb87734fe246e8447bec70bd73bfd4cbac8e8257b7452756cc149a6480f89,33.33,66.67,,
230,McNeil,Anshul Pancholi,1191.6757939532276,165.31944935001704,6,1522.3146926532618,6b483a9928f4dd7c8b82f5062c7ce79f79d424f6e0c3d63702d7d6abb4c207d7,33.33,66.67,,
231,Harker,Leah Koo,1191.539743439745,167.3062950401618,6,1526.1523335200686,71b18b08af4533b36abdb4b2cd4ea55b6b810d06e8faf725bf25f58b780edc53,66.67,33.33,,
232,Cupertino,Ayeshwarya Sisodia,1190.383247260909,105.89402313293854,18,1402.171293526786,e6a6205aabb6e6a77b957b0297ebc82174fb9b0c55716a5179c8eea858f3657c,50.0,33.33,,
233,Millard North,Alexis Jamal,1189.1473088544658,126.94057548122939,12,1443.0284598169246,4b5906bda90172686431f0617a837c9bb2a06acf3b089132c4216b6a9410a0fc,50.0,33.33,,
234,Harvard-Westlake,Sage Bonotto,1187.306684651941,165.97516847383767,6,1519.2570215996163,ed74571c0b76e7f641e9ab0ffb257f7cfa84971729731837cfa89f26af4849f8,66.67,33.33,,
235,St Mary's Hall,Veeraj Bajaj,1183.9153318287194,172.92399154208567,5,1529.7633149128908,15289c5c1034a20af63349fc8a5b802474682c6c5f608beb4e98134698e7cdf9,66.67,0.0,,
236,Strake Jesuit College Prep,Samuel Wawi,1182.572295158105,165.32817841614732,6,1513.2286519903996,81a24a07a860561d1a057ae947e324df75623f151516d89a77b5faecfe9352de,33.33,66.67,,
237,Bronx Science,Zuri Yaw Costello,1182.4465591653739,165.43195449390137,6,1513.3104681531765,6205d2be37a49975055fc92a5489cf8c983ff51510ff324a964ddbd83bb29309,66.67,33.33,,
238,Lake Highland Prep,Aayan Malik,1179.2162988235514,170.6526499906626,6,1520.5215988048767,cf85113cf680215605883a0b1389a5d35a27f2be5fd40fe648ac867e723e329f,0.0,100.0,,
239,Bellaire,Ethan Reichek,1178.6732449652254,164.93575556001196,6,1508.5447560852494,9c606bf21bd3eaf5e10c23998e0adf4e5f964a9ff0df0dc66b732ce7d3604bd4,33.33,66.67,,
240,Princeton Day,Maximus Wang,1178.2034443375412,125.4391395095497,10,1429.0817233566406,df81aa4b39a5d3bc3f611c1f3e58b08604252d07121a6c53c99e0ad61a01d38a,50.0,0.0,,
241,Littleton,Maddie Kusner,1177.4672262288625,157.36779817359368,6,1492.2028225760498,d4d62f32dd8dfc34ae7aa13f5dcfd156d562330b37f06f4f61bcb1a551a254af,33.33,66.67,,
242,Sage Hill,Sebastian Chang,1175.5091630754232,128.02683862721491,11,1431.562840329853,aa3ba6c1173b7287a5b670bb1f1da762eea00d703c7f1d709da901fa952ac7f4,40.0,50.0,,
243,Harvard-Westlake,Dylan Kaw,1171.4032709575076,161.15961066704656,6,1493.7224922916007,3ef6f5c3c11494f1c58a0aa01f5e281cbc3ae030416809a06859c90acea8e236,33.33,66.67,,
244,Research Triangle,Yadhu Bharath,1170.8360513144385,164.93274236787323,6,1500.701536050185,66f91aa488475742a743f5c1d1ecf81e42a80d00171b79e27e376446fb20e3d3,0.0,100.0,,
245,James Logan,Eon Gu,1168.5743740738621,163.05019722769848,6,1494.6747685292592,14d4f37c56a2893f38e9cafaaf42875dfbbfb1e6194143dd5941977521d198a5,33.33,66.67,,
246,Harker,Benjamin Fu,1167.7286299044965,166.4442047678758,6,1500.6170394402482,2123074e555ce1d625d1c67025659a81943af6afda2c687a012c5c37fded12c2,33.33,66.67,,
247,Clark Advanced Learning Center,Michael Guffin,1167.0621595781395,169.67961504386543,6,1506.4213896658703,1b0eeed3c04a97d4ab1f99c1e4edeaef6556df8fcf36c9649689ec6706d2967b,33.33,66.67,,
248,Harrison,Gabriella Catanzariti,1166.8095339148856,161.25634425439046,6,1489.3222224236665,a0e0d52a69b72228d271ca78e6824418cf33c9a27fca3984b7cd2691ed450c62,33.33,66.67,,
249,Lake Travis,Annika Shah,1164.549922218076,125.2722290435805,12,1415.094380305237,e60d5e1dabdb5f19efdc438176e9b1313210e222ab30a4e79b24fd90af9209e3,33.33,33.33,,
250,Ridge,Amandeep Manda,1163.5005379798515,165.901348867391,6,1495.3032357146335,1cc32e70fe0373bc5a28346ecaa231b5365114df622fb9c2c95a1457c12ec2b2,33.33,66.67,,
251,Leland,Shivansh Sathya,1161.8347623806692,166.0263292605908,6,1493.8874209018509,1978518bf35ae5166ae48c60326fc74a38eeefbca2f62218c2c4941a870cb788,33.33,66.67,,
252,Sandy Independent,Olivia Sandy,1160.0360476094531,166.25296776980227,6,1492.5419831490576,d46625cd1707b5715d1a8b7d549eebe90513fd62231080b8e066904482e343bb,100.0,0.0,,
253,Dougherty Valley Independent,Matthew Jacob,1158.4900155550058,166.522977558347,6,1491.5359706717,534ff1cb9b95a67fbec10c63c4b19573b4b33c85ee6d020bcdfc504a51f85a26,100.0,0.0,,
254,Canyon Crest,Jayden Yoon,1156.1617976656669,122.92453207828312,12,1402.0108618222332,99a253aa8b78935f8f672dca48328ea843f2653f76c0f8c98cedeed2c29cbacb,33.33,50.0,,
255,Ridge,Aditya Bajaj,1153.6798852438374,163.67167334411292,6,1481.0232319320633,55d0917488a3394e5a6b31794c52b9f838e1f9ed28730ec60469686f2a179ff9,66.67,33.33,,
256,Millburn,Svara Buch,1153.2607942144662,164.88702558910617,6,1483.0348453926786,7583afa373bfe69a010ea1b6955f4d3f597008c058b9e437572bc9ed80113885,33.33,66.67,,
257,Southlake Carroll,Agasthya Akella,1152.8927570424732,163.65785186479252,6,1480.2084607720583,090f141da3c420507828cedb2ba88cdaea6a900c6c7a8acdb413f9736fda6224,66.67,33.33,,
258,Marlborough,Audrey Lohara,1151.949831174451,166.86709742045755,6,1485.684026015366,135533d7339c18af0f404892dad552b49f9fea67ecadb5519bd5bbefd24741ef,66.67,33.33,,
259,Jericho Unaffiliated,Sylvia Song,1151.007503801572,161.43787384835375,6,1473.8832514982796,c339c7a71928fc55413efd7ee6e638b18b0986926287f6cf44d3ce6696773f8a,33.33,66.67,,
260,Immaculate Heart,Camille Johns,1150.6138973901393,109.08224580678822,18,1368.7783890037158,0a6659dbb1e3fac176930cf84c1dce83e33b5059b947bbd3b4e1bfb1aa3901ba,33.33,33.33,,
261,RFS Independent,Rishi Andhe,1150.0537460230466,165.34480198670093,6,1480.7433499964486,bdbdc1ac42ce94d15bf0429b089badd0313e5e842032a25c630190d085c319cc,33.33,66.67,,
262,James Logan,Akhil Jalagam,1149.12938327349,164.09083914562882,6,1477.3110615647477,497068d03a34ad6db7dddc1c85e6ca3050d3f08c1505fbef4987220774be1f59,33.33,66.67,,
263,Cupertino Independent,Aarini Chadha,1144.6426363770538,164.61850474006798,6,1473.8796458571896,b82b15004daf1129e0cff0590ad35efd91108439dcac7f816b6a4f6bdc9e66ad,66.67,33.33,,
264,Westwood,Diya Venkataragavan,1144.429632309891,168.96490119159324,6,1482.3594346930777,a963dbee6e393a8e2356c1e766afbdf983253cd13ee6c7a06f504826587e0e75,33.33,66.67,,
265,Lynbrook,Rohin Saharoy,1143.540857112278,170.70459840472566,6,1484.9500539217292,4f869e07cf9f3aaca955a27de64d701a528cfbd3d55957ebb51e84c61a379661,33.33,66.67,,
266,Needham Independent,Daniel Choi,1141.6342361872473,165.20501146604695,6,1472.0442591193412,a07dd942eb86695353cc98011c379a806857cf7e793c971e71598818c19fef0c,33.33,66.67,,
267,Peninsula,Jiayu Tang,1140.1619504777295,165.1149211775621,6,1470.3917928328538,252303dc1b2d613e58423ed0a1c38d17d0e450d67ac44288eb976c98fdec19ff,33.33,66.67,,
268,Northwood,Natalie Chen,1138.306529211148,165.061436807836,6,1468.42940282682,d807059dfb105050e8025f738ddd19a28f923df89abcfa57cbd1e4e3ba445b7e,66.67,33.33,,
269,John Cooper,Tyler Xu,1135.8002926060985,98.30707239162565,18,1332.4144373893498,b64db7c86c9dfbc0f55fd9c2f575ab69cc58a873e65476cfde1a93c54b9230c5,0.0,66.67,0.0,
270,Mullen,Jack Simmons,1132.6936909153935,160.9288689260426,6,1454.5514287674787,c1f46bd6a4baa423540c99c5ccf6091a5a4e3d33a3477b6340628d89f1413877,66.67,33.33,,
271,Lake Highland Prep,Shiva Sambandam,1131.308260055012,169.30355431523515,6,1469.9153686854822,693f8981412ad2a39b6b60b5092e9ece249501bcbce528db0a4d7476f43e3cd0,33.33,66.67,,
272,Cypress Ranch,Michelle Lee,1130.4204823064008,140.4825289798301,10,1411.385540266061,246ef0028d23b793548e2296630a169924589f1518280cb15b50de09796e400c,0.0,33.33,,
273,Plano West,Snehit Basu,1129.1593815811525,160.86831519210745,6,1450.8960119653673,459e9d9286138feb71cae9302aa98f6299c76a75098e06db2ff9ab60066d05cf,33.33,66.67,,
274,Loyola,Michael Romero,1128.999159380348,162.56474762363143,6,1454.1286546276108,98691ffade9d788c898b9e0511bd8b5f794619c901ca9c70f9b8eccb87b15fe4,33.33,66.67,,
275,Loyola,James McMahon,1126.0373557567345,161.36453094386087,6,1448.7664176444562,2c9b7bbb280a769524f01c1e1d8add3c89f31a7f78e17670fbc413e12bcccd39,0.0,66.67,,
276,Laurel,Claire Witalec,1123.8041141974938,164.7899373107172,6,1453.3839888189282,6c234aaebbc1d39b8487190e8d0e1ff4da799ffd54757472325fdf1d1eef608b,33.33,66.67,,
277,Equality Independent,Santiago Jimenez Butcher,1123.5224139386737,158.02716867843688,6,1439.5767512955474,02028b0c58cc0e6f31cb090c6245ba517a095d50c8e6e1cea60de54c4b620c6b,66.67,33.33,,
278,University,Avi Asur,1122.7566055603959,166.25670483388285,6,1455.2700152281616,004c4dea59277ca5dacddb8f31b5b2912892b06df2512bd895531f4712f686c4,0.0,100.0,,
279,Mountain Brook,James Burnette,1121.6439414284673,167.5984926138913,6,1456.8409266562498,ae2fb4be3a29cac80396e5417f420428aed0d256981024ee90ed3f22fae3e189,66.67,33.33,,
280,Immaculate Heart,Charlotte Obdrzalek-Souls,1118.5913164725248,161.05299175929946,6,1440.6972999911236,6024a01be40f72a456f3b3b4899d95cea30bcc7c17b9567922a0699a78e83599,66.67,33.33,,
281,University,Karan Bahl,1118.2399457626332,159.58749505351685,6,1437.4149358696668,dbf120483df2c3cfce8a7146700b84538899d6e943ea8fcde05334b71d3dd50a,66.67,33.33,,
282,Lexington,Ethan Le,1116.1602407919675,120.85586153416408,12,1357.8719638602956,1bf75ebd47860169e6ba866233471f200a4d7da21d28ef4bd82e715f553d5b0b,50.0,33.33,,
283,Marlborough,Ceci Sanchez Gagerman,1113.2342971964003,126.68562799119113,12,1366.6055531787827,b623d0aa3898096ef537c9ac86a5d0a906a063882a149ad13386ab013413533b,16.67,66.67,,
284,Stratford,Rhea Roy,1112.5670027483768,122.51385935793446,12,1357.5947214642458,96d5eba32af40fe6ebcc7feef083f02e95ceadba2e8ad194176acb0444df4e09,0.0,66.67,,
285,Harrison,Ashley Cho,1111.5836448084794,117.42254145715616,12,1346.4287277227918,794fd85fe300f42c837fe02517be2087bea4be9706569bc9de38b9494aa4e5fe,33.33,50.0,,
286,Meadows,Chase Park,1106.2901080483537,104.84692042104768,18,1315.983948890449,bdd2b4316d3c1e8db9be240ffe4556f2a4af830518b5db0849743c2c31bf8058,33.33,33.33,,
287,Valley Christian,Ellie Mui,1103.647915829845,160.2723320236025,6,1424.19257987705,1b4bc82a5f2ed703eaac190b5a88fdf5e55aae3e366c34137843c3757838fe7c,66.67,33.33,,
288,BASIS Phoenix,Vismai Nair,1103.5818378370495,160.62342114458596,6,1424.8286801262216,21d06db49ce0804327a9b7268a254266198ee80783f54e608cc03a1adb1879c9,33.33,33.33,,
289,Westridge,Katherine Duan,1102.3993697700353,126.95266178370137,12,1356.304693337438,b67f0c81a364251a437f710007afae9cefcaaa4c2dd52a4ea134331298699264,16.67,66.67,,
290,Bellevue Youth,Emma Lu,1101.078565989158,165.05215848591575,6,1431.1828829609894,3a30014f0919cf339f56c86f7dd0c2892670424ce6b732885a387f0af6dd64b0,66.67,33.33,,
291,Lovett,Rhys Stieglitz,1099.9960068545636,122.51654994894196,12,1345.0291067524474,2338d1f9fe8faaa6bc377a74d881a2f166c7c25ac491d5f2161aec372d3bbcec,33.33,33.33,,
292,OC Policy Association,Natalie Chen,1092.4824174007774,162.97169095601836,6,1418.4257993128142,738b2345df26d8ad30af2eef68ad2bb505e19e67df7ff8e487f78c858369640d,33.33,66.67,,
293,Brophy,Adrish Gande,1091.7858177641338,165.81849540527747,6,1423.4228085746886,e60e498980b7d4593199400ce9a90a42704e6038e93eee717a4e29daea8a7672,33.33,66.67,,
294,Harvard-Westlake,Trevor Kim,1091.4979082331706,163.73457009614867,6,1418.967048425468,b6d4dbd680c32f1bf4f8e93dd313daccc13c8da88b30ccb1c74f7c5548e69578,66.67,33.33,,
295,Harvard-Westlake,Sydney Lee,1091.223393449988,167.0374332644833,6,1425.2982599789545,d011ecd31a0a5bcfacbb7021b9d3c393baeb761fa7002eb623cbb354e444bfbf,33.33,66.67,,
296,Isidore Newman,Beauregard Dirks,1089.3670482664734,118.94316254485987,12,1327.2533733561932,76be89b6e7cacee3ef2f9c342c9e33cd9439ba53ec520c8e32f2bd759efdab34,0.0,66.67,,
297,Tom Glenn,Manvi Merothiya,1089.2389106661194,169.27921019013132,6,1427.7973310463822,40b3341f9af105b41d4efb5a3822c19c058dc792160928956f09e0b977808478,33.33,33.33,,
298,Arlington,Layla Chuaqui,1082.9107830577213,167.14585169198986,6,1417.202486441701,6b83cecf423e469faef04f7e2d20869100fda918a12e1d02cde012e76051eb76,33.33,33.33,,
299,Peninsula,Gloria He,1076.1554931553428,107.73903207283011,18,1291.633557301003,79987120b6694dfc6ca777875a235c6c22299d3e3539f498bfca6299cbac3b0a,16.67,50.0,,
300,John Cooper,Kevin Liu,1073.3838686032063,160.4929882086813,6,1394.3698450205688,fb7baa57c410b660ef5ca2f26d42a86dce51bfd703b825c3ed42fa31ddd40ed4,33.33,33.33,,
301,Loyola,Thomas Corcoran,1073.0199199861543,163.0413741433158,6,1399.1026682727859,adccb042e15ef6621edcc21e2451f8f8fe36b75d0d3d512824a7ac95bf31763e,0.0,66.67,,
302,Chaminade,Owen Sack,1072.795560000026,172.7209006725774,6,1418.2373613451807,015140e5200364c3dd5ffc71d7b3fdd8fcdb9d367295aae3168b65180151736e,66.67,33.33,,
303,Homestead Independent,Neil Khandekar,1071.6629204440187,136.45739731606471,11,1344.577715076148,5f80653c33f7f63b5450020f25a115f926acff4cb04be42cc1f1c0909ca05757,33.33,40.0,,
304,Leland,Alex Tang,1071.1742795976138,162.66954210971775,6,1396.5133638170494,1dc08be0d8107810d17387733f0864b23911eebe632a38fcd564e5209b111182,33.33,33.33,,
305,LAMP,Minjoo Kwak,1067.922829612709,169.85136872368793,6,1407.6255670600847,8386cef0e629bc2650d06200401c79530f6ad175542512144e8a9e18f29af045,33.33,66.67,,
306,JBS Law Magnet,Asher Fragapane,1067.5020472894116,174.43011796732424,6,1416.36228322406,1ea8073c0f6020adbd861d48617c8d23f36d5269c69b90ee07d2d99c27f60697,33.33,66.67,,
307,Geffen Academy of UCLA,Josephine Park,1067.2020770051854,163.17727291774858,6,1393.5566228406826,fbb1aa51330dc956259b5eb2b606ded23a2b32543dc5c4bbe2ae8f86100d06e9,66.67,33.33,,
308,Iowa City West,Vivaan Dudeja,1066.8731970517733,157.49823899130814,6,1381.8696750343895,9f9c718b782a190d2f2fdda4dbbedeaa22adad5cec6c3126dc9f76856074975a,33.33,33.33,,
309,Dulles,Diya Ethiraj,1065.7793338862962,161.66261318709465,6,1389.1045602604854,5dacb658dd271e02c34c534f4cb65df82fc349eb11e49bc7c9da835ad2087b92,33.33,33.33,,
310,Notre Dame San Jose,Tara Balaji,1065.766729475949,165.5490311491564,6,1396.8647917742617,e1f589adbe076096df12f66f12d77e6547836aa44884a7083bcc0c0948347d83,66.67,33.33,,
311,Jericho Independent,Avi Sawhney,1064.7789118665899,174.13766693643242,6,1413.0542457394547,29997f7b032871dc4e3e64e2d58495517c8be339913e844602c11c75cc2cc86c,33.33,33.33,,
312,Loyola,Cooper Kun,1062.181324346061,151.5374452831703,10,1365.2562149124017,9c3a228b552fc68a284581f4b9eebf9b8e6f70adc3aca066c5c40e945f4680c8,0.0,60.0,0.0,0.0
313,Lake Highland Prep,Aarav Bansal,1052.4111380074191,162.3782219500131,6,1377.1675819074453,f0de452a4f10bcae847eda82cc228eec8a9b1af2a12962f7e1631471e3e0e620,33.33,66.67,,
314,Mission San Jose,Anirudh Balaji,1051.357419628409,164.71030287121425,6,1380.7780253708374,e6ff58871c37118fec57f3599f8cc772280262ebbbb3e5cfc6730f4bab0b50df,33.33,33.33,,
315,Youth Development Resource Center,Jingcheng Wang,1051.1628912046858,163.23235474298104,6,1377.6276006906478,2bcb2826d6eec2056713fa3d79ed558e5a8d01bfdd85b3f72e85661e711eb74b,33.33,33.33,,
316,Cypress,Aaron Mao,1048.1736310509855,162.83103830520741,6,1373.8357076614002,0d50d64b0fc379cb40688a945468a8f0ce86f84a2643dd5cca28f7c081b2107c,33.33,33.33,,
317,Peninsula,Wenxi Jiang,1048.16034841504,154.49187254802342,9,1357.1440935110868,c3302b86f125ecbbad937e8e5df21756c926104ab88adb92da3d633fe0d9e85f,25.0,40.0,0.0,0.0
318,Frazer,Leo Dudas,1047.9041438782722,170.62274694417025,5,1389.1496377666126,c6b5a3a5e1a7d1883a89189623844b401b33ca08e64186e6939755abb763a466,0.0,100.0,,
319,Equality Independent,Vincent Melendez,1046.5725433792659,163.88268719780282,6,1374.3379177748716,15cd060ca1688b6d0be3a42d813b336b1c4c79659dcc8fc7d8978effcaa786aa,33.33,33.33,,
320,Harker,Maggie Sun,1046.1454657373326,160.38567040847556,6,1366.9168065542838,7632985962a4b1b714603f1b8353e4d3ffc4e33d25d05b55ee812176419f3d9e,0.0,100.0,,
321,Immaculate Heart,Carson Mueller,1042.15443400692,106.71036496859746,18,1255.5751639441148,ca07c2034660f830a14cad42677db7720b1360813acc0a5230cd4e7b9d65afd1,50.0,16.67,,
322,Newark Science,Elias Hodge,1040.0626125080942,114.8425932986319,18,1269.747799105358,79b958ee27b6811acd925f13f6412a6a3299c1a9340264ce6516daccf83d7ee4,16.67,33.33,,
323,Marlborough,Kensi Renwick,1038.6593055506278,166.77275915873184,6,1372.2048238680916,a5fb0e52e5114d6c8dac3955e71210bd7f52dcf78d02388f6fa118b49c5361a4,66.67,33.33,,
324,Coppell,Vir Dubey,1035.703194705277,104.9300712128799,18,1245.5633371310366,f4d98d2148592f950239b88140f6db11b5706067aa4abf2f9380b3232393699e,16.67,33.33,,
325,Immaculate Heart,Semiah Huang,1029.6170602968723,159.50075967675858,6,1348.6185796503894,4e63d017a3d3b0f11c9f7984c70031a80b0e0969ec541fad9c92bbbe7fd1cbcf,33.33,33.33,,
326,Able2Shine,Justin Xu,1028.2784836647206,159.70408032056923,6,1347.686644305859,63357d39258fc4fcf4541280172d3270874773d26421acc1b58687d2701b3703,33.33,33.33,,
327,Harker,Jason Kim,1027.2215227653094,179.8670657124443,6,1386.955654190198,d8c68d3c450986dd5199558fd853ed16e23c3a68d3ffefca9a5be0dba483a0b5,0.0,66.67,,
328,Marlborough,Sophie Weiss,1023.2311224518095,165.1320392693912,6,1353.495200990592,fa93a1a0126e5ee97f2e7f0a466443869bcd21ec783301526ecf070786137120,66.67,0.0,,
329,Able2Shine,Avery Feng,1021.0859784966284,162.7987866546136,6,1346.6835518058556,0dc48db002b4b247b4f140afecc2d9faa8be65bafdb6dc491917ee3fcd85a0cf,33.33,33.33,,
330,Bellaire,Nathaniel Pate,1021.071058150085,161.88225230664384,6,1344.8355627633728,a461edc804ec9e678b19bcda43bc2af9a1f2463fe1977f20da55beae1a5d0a3a,0.0,66.67,,
331,Neenah,Olivia Bushman,1021.0439205823762,184.6435769185734,4,1390.331074419523,ecdf820f85daddf8bcc6f6a8459ae8b3bc9b7bef045d608f036e9114588352dc,50.0,50.0,,
332,Millburn,Saumya Katariya,1017.1819951674913,162.57350542680607,6,1342.3290060211034,0300586a8cd391b1ee09d52c384f399e6c54a99dbc89f487ec2dcc2f85014dcd,0.0,66.67,,
333,Jasper,Ojas Sonawane,1015.7370081834958,164.2689850771187,6,1344.2749783377333,5045cbc3989091fd5470d6064db475f1c0e00440b3b5736702d33eba9cbace73,33.33,33.33,,
334,Peninsula,Noam Kail,1015.0293541528733,163.16195538376235,6,1341.353264920398,815377f021d9fc464ac435c57ad20ccb342ad1bffdb9db639788d6cabd20d9a8,0.0,66.67,,
335,Trinity Prep,Sami Haddadin,1013.6662646455122,162.77248657185487,6,1339.211237789222,fbad8fc215f765060438b9e898106af6d7ee098490f8c60785e21566b038c7df,33.33,33.33,,
336,Dripping Springs,Annika Gillella,1011.5739990064787,161.9027111259494,6,1335.3794212583775,c9cdc99506fc0909b352258aa58c95a6eee641db6fc3afb917b3238ed47f8fc5,0.0,66.67,,
337,Montgomery Blair,Olivia Ren,1007.8860553470979,126.48042771897143,12,1260.8469107850408,3448b825deee5346d359585c34a9a54bc2ec22fa83a7535b772e3b0d6168079d,16.67,50.0,,
338,Marlborough,Mila Lanin,1006.1136937534698,165.5664612313085,6,1337.2466162160867,781ba84bc8effff8a3c5ded02151e9f4436ebe0f96dcc6174958474f6021a97a,33.33,33.33,,
339,Marlborough,Clara Merchan,1005.9460404687161,159.6583664937892,6,1325.2627734562946,e0a7eaaa919847cd70df529f2f266bc5d9d05886276771ec35cd25323afa3733,33.33,33.33,,
340,Lexington,Arya Kodumuru,1005.4359746277378,156.209022013815,6,1317.8540186553678,2a8c59efac0de08714bac27ffb1ed74debffe6b7006c8c6d92028dafc0e90f80,33.33,33.33,,
341,Able2Shine,Mason Sterling,1005.39331381225,163.9550651320108,6,1333.3034440762715,6d8ac6de9ecb673092f4f561ca4f86f16e2bb465febaa964376ff187acdb3d36,33.33,33.33,,
342,Lynbrook,Siqi Yuan,1003.3310349233792,160.83552215183914,6,1325.0020792270575,ccd3a59244dd2abaecf0c9a8de48d39a0af970057adcf2b6ba08d3b45078e2e3,0.0,66.67,,
343,West Des Moines Valley,Judah Carpenter Hutchcroft,1000.3327044607645,105.61167715145336,24,1211.5560587636712,a7ff0d95dc9428b7480c30bc9f6e86953a806b884025ce3efd0c439c3c256cad,22.22,33.33,,
344,Brearley,Irene Moon,999.9672176455848,145.24258319151448,10,1290.4523840286138,7b9d4706b103d9800909cc64d5a84f8c87d8c09e5a5ca3eaa88fbb1996400b3e,33.33,0.0,,
345,Westwood,Aashriya Vasamsetti,998.5051813607836,157.07459477522187,6,1312.6543709112273,8bb83c0940ce61a49bc5f5d9206e0b4c3de864fb0a0eb10ef7f49e498013b03d,33.33,33.33,,
346,Harvard-Westlake,Ellie Oh,992.6167325989632,162.69760230856897,6,1318.0119372161012,cc976a0c9105b249b86dfaf2cf6505cec9fe4ec8cd20e3930990ce2db9b32426,33.33,33.33,,
347,Immaculate Heart,Mercer Lavietes,988.1443988222247,169.29549911740625,6,1326.7353970570373,05abdfeb3688e66b92e9458efc23bfe827588ca20fe0cd1ba958bbc20ebbf9d6,0.0,66.67,,
348,Harker,Aleesa Karim,987.0960626652477,155.76356070788265,6,1298.623184081013,6e475afddc93d53e32ad1bd7ba31ed326782430fb9e9ee5e4ef69dda87beda84,33.33,33.33,,
349,Basis Scottsdale Independent,Aarnav Verma,987.0013866787738,125.49790960005814,12,1237.99720587889,447ba77ab0976cae92ab16a9787a652563e1dfa5f91d75cf8f47c4306c7b0713,50.0,16.67,,
350,Holy Trinity Episcopal,Shanvi Patel,986.9881000793556,124.69656026505442,12,1236.3812206094644,5f9be5ef17b19c6e65106376a9919cef514d6d411a645800d0f35a68f592336d,16.67,33.33,,
351,Iowa City West,Loren Barjis,985.3704264223957,161.05663765860433,6,1307.4837017396044,c3585ed44ca4e4ee96c2e93714db9d5198a3a94748f83b0056312ed12b7581ea,33.33,33.33,,
352,Marlborough,Shani Shllaku,983.4073611950665,170.23511375910545,6,1323.8775887132774,e61491d65869a9a2d9e32c419150e792e7d22366a9dc33937477df25120d08eb,33.33,33.33,,
353,Iowa City West,Duru Akgun,983.0894047456613,136.0704756028878,11,1255.2303559514369,f48b899b4412a3be4552c81bebbc6bd42111b932bd1160794abb8ca03d3547ac,40.0,16.67,,
354,Newark Science,Kevin Ramos,982.4351093374833,160.57849616044405,6,1303.5921016583713,0053edbf043c511dc1a7e85882b69592ad4cb70b9aec6aae51d4268fb2327f0f,33.33,33.33,,
355,Sharks Independent,Jacob Fu,981.9933814147769,156.15908931122922,6,1294.3115600372353,b0ba29dc3dae52a81a0cdf5eb49a9cc74131588d252552fca7d3432ac451a476,0.0,66.67,,
356,Harker,Guhan Nagarajan,980.6214385453194,161.75004963218822,6,1304.1215378096958,44c301f086bd86097370224eb6eb651a86dc644ce90657471d77d4607cd76b89,33.33,33.33,,
357,Walnut Grove Secondary,Chenyin Ye,980.5445537645439,168.67164184767668,6,1317.8878374598974,a4a7c009a09429eb532a52326d7768fa683286164cb8819576ba0b34abfc1d3c,33.33,33.33,,
358,University,Andrew Noel,979.7413320500216,161.1264512576737,6,1301.994234565369,c799b66695fc4ee2b1e1b17cfae45f82cbb560bcbb0d3735c6938eeb7b518083,33.33,33.33,,
359,Harvard-Westlake,Ayla Rahmani,978.1765620514658,167.2081697831298,6,1312.5929016177254,1a96f4e09717d9a32b171f93bafd8d88642a80e3f555e26d4b6815aecd4227a7,33.33,33.33,,
360,Marlborough,Gia Clarke,977.6746161785117,216.6045433494192,3,1410.88370287735,495290702242c0da2cf80288416657485cbe5cd50d2473fdf75984b05159006c,100.0,0.0,,
361,Jericho Unaffiliated,Alice Liu,977.6169978802628,158.91813152898777,6,1295.4532609382384,126288ac012cdb80356c10a8938a6b8731f5b15139b174b18074496f2d2c1fc0,33.33,33.33,,
362,Harker,Alvin Siamwalla,976.2374351447536,166.3630563761291,6,1308.9635478970117,03337dedb7ac34b9073ade7182f594b1da42f4757fbb95527b9e95a00bcf87e4,33.33,33.33,,
363,Colorado,Hendrik Jordaan,975.9081894876737,161.041354441005,6,1297.9908983696837,2751191b729f33845afe98f1b4f6f70546c06347e9065ac66b8c8dd6f7fa0c26,66.67,0.0,,
364,John Cooper,Ria Rapaka,971.4379199676148,100.64952083615609,18,1172.736961639927,c43196742ca5e8a49ac0f76ef62ac25d8ed98e989643a7e8374dd9fa28b54dd4,16.67,33.33,,
365,Valley Christian,Aarush Kamma,970.6473293847135,162.68824921006916,6,1296.0238278048519,577d72dbaa1389aa067bb8485fe9f6560a143f67d7980371aabd300afa19b13b,33.33,33.33,,
366,Southlake Carroll,Sneha Athipatla,969.7780415115667,162.59097306047295,6,1294.9599876325126,d6d0bc638966b73f9c1bb8bb2ff6ce5e256b177574c8647668b622d9b7fae219,0.0,66.67,,
367,Emerson,Ava Manning,967.694343465288,174.18493546293922,6,1316.0642143911664,5a3662f1f1b6f059fab0309ac6a9eb993024cc02edb0785273454cea789aa66a,66.67,0.0,,
368,Seven Lakes,Vladislav Shumskiy,965.1161056197477,169.24511300282416,6,1303.606331625396,8edd62c81dd33c6dee6c6b28da25ce121e23df5a5bce55e688b0ef1cfe1cd4e3,33.33,33.33,,
369,Dougherty Valley,Vidir Vasa,964.8876532943268,164.14717013676304,6,1293.181993567853,7c71fcead5bd1e927f16ecf759069c17d12adf310960f53aac46bcb94021da6a,66.67,0.0,,
370,Ridge,Sehyun Park,964.6380765551484,162.67734490198865,6,1289.9927663591257,7fb95e249adc97b29c8f3884b52d763dbe802197e876e5f65a9ac9ece830ac61,33.33,33.33,,
371,Sage Hill,Isabella Huang,964.0886396771904,145.23117143685448,9,1254.5509825508993,26440186730ebeaedd0282b7b27faddf53ef2fe0cb1902708df762f1039779c2,20.0,25.0,0.0,0.0
372,Marlborough,Ella Bailey-Eisenberg,960.8807356367286,164.3533975196108,6,1289.5875306759501,95d9cbb652ff10293d373222f3ad7030966abc15a1372672d357b2319968335f,33.33,33.33,,
373,Stanford OHS,Yi Jei Zhan,958.8454045865221,156.14659524662193,6,1271.138595079766,315fa7ac0c356922ea6e77cac2ddd80fd3c7eefbedb9a2907c24e31d90c8940b,0.0,66.67,,
374,West Des Moines Valley,Reighlee Sowden,958.4107760653033,156.30015213125193,6,1271.0110803278071,79659f1835a82b844b45caf381ba149aea4e065afe8f313d57aae4da46a20928,0.0,66.67,,
375,Greenhill,Gitanjali Agastya,955.8635915933339,161.35783167705446,6,1278.579254947443,4f998a461ccd42cf0c4ccfd552429395b9ccd366faa253a1f4848c82268206e8,0.0,66.67,,
376,Gunn,Ira Tiwary,955.7216366198284,162.12242155781598,6,1279.9664797354603,64d66f3890684cd7d653ab3803e2f836d087035d1ed277917fdae569b1ef88a1,33.33,33.33,,
377,Edgemont,Samrajya Singh,955.6025444404681,164.31434986115823,6,1284.2312441627846,d08bc7b9abd1b98d655f771806504ec04183c50891cdc9a253710e0df7db4017,33.33,33.33,,
378,Marlborough,Selvi Radia,952.7119604652637,164.15714181323756,6,1281.0262440917388,57628fbe9bd3cb5f30b4f51fe2f3854ed112f32b5a455a917dfe4f8266aeb7bb,33.33,33.33,,
379,Jasper,Joshua Shu,948.6541491467967,172.67597296610336,6,1294.0060950790034,6beb9bf3b95d4cf4f12cf94f2febcdd49b8e9622986e6b498303795fa6bf6bef,33.33,33.33,,
380,Lake Highland Prep,Sebastian Adam,948.2864332269116,164.7968961189015,6,1277.8802254647146,366068e39eb95a1d8378c09cbca056d2f1fdc447de1cda12cb467051d7c46728,33.33,33.33,,
381,Lexington,Ray Cui,947.1274612764275,163.42664964587917,6,1273.9807605681858,d721b7c170aa01f84401afd8f3b8327b299045e3d9f081afa0afedf451b9944b,0.0,66.67,,
382,Immaculate Heart,Vivian Molina,943.7399044717863,164.04178846182296,6,1271.8234813954323,7b66ccd11f708bff02ecd012823d5a730cd1dadfd296357d1e6b6ce58bfcc6d8,33.33,33.33,,
383,Plano West,Natalia Ryma Souvalian,943.5041827187441,216.60453742098304,3,1376.7132575607102,2c1580ff28c8fb91fd849a0afd84052dba4153635fb45a2ec56a7208207b537c,0.0,50.0,,
384,West Des Moines Valley,Kate Hoerr,943.3742994946151,166.3975518869978,6,1276.1694032686107,8081b79464615428f7ef4fac4a578fe9d6b96542adaf0c404222d35922fad7fd,33.33,33.33,,
385,Iowa City West,Vanya Dudeja,940.9584052588967,166.08415968624166,6,1273.12672463138,b5486d0da7c764d5e7d8806d49eb3e6bbc64f58bd9db6005c8618289163d6a2a,33.33,33.33,,
386,Newark Science,Nalayna Bunion,940.7172448283752,164.0287766241813,6,1268.7747980767379,d29bb96bb7c4af059700beddddd86d9db14f5ecf50348309ee527be7c7ec24c7,66.67,0.0,,
387,Lincoln-Sudbury,Alisa Paley,935.3876106760894,165.6235145280404,6,1266.6346397321702,289a9baaf6a065da5f142a922dc4bcd3bcf37b4074ebb0b123834b9e45241f28,0.0,66.67,,
388,Harvard-Westlake,Jaimee Lee,933.5963835659924,170.29506360169324,6,1274.1865107693789,23e0ab9685c76af9a6191d9bd5eafe1eb5841322b862db2dc2f40f4a354cfa70,33.33,33.33,,
389,Marlborough,Elodie Lassere,931.5256851074947,164.92838112451676,6,1261.3824473565282,83c4f14957f28b6631c8d083481c6bd928b0d5962b1452c03316a3254f2b9ff4,33.33,33.33,,
390,Eagan,Myan Ly,930.5056167920701,129.3550091705511,12,1189.2156351331723,33634fc0960f6bc0e9392abc2d1c5c28ef7d3468af3c503a5b60b8a2da66c3bd,0.0,50.0,,
391,Lexington,Sanjana Devarajan,930.4018825928281,163.08688399252856,6,1256.5756505778852,6470903674f4e427473983543168fff9a6a3a611ed84d70fc41ccc0a9be7da94,33.33,33.33,,
392,Plano East,Julia Nash,929.2760830895061,164.96484842060215,6,1259.2057799307104,5e7abbf13111d5656d52f7df64c0b9131087fdc03c2a3277f6539a6be3889af9,0.0,66.67,,
393,Youth Development Resource Center,Justin Li,927.5794109365659,164.46110086180616,6,1256.5016126601781,868af0261f93ad447cd7b99e00baa9b5c1273c3eb5de84103543117438ab6673,66.67,0.0,,
394,West Des Moines Valley,Daniel Wang,921.2129972504314,170.8696483168614,6,1262.9522938841542,83958c76698c8133062fcd2a2acc5d48357dc9b88d09c955cb96c7761c6a12f2,33.33,33.33,,
395,Plano West,Tharon Lei,920.6789112087895,167.09913976057308,6,1254.8771907299356,934afeaa4090b86e99e7cc8e22b7746f80873b4e099f28ac905a1421bee0c775,33.33,33.33,,
396,Eagan,Niveditha Bethi,918.3682726623324,180.5953916866664,5,1279.5590560356652,57aa72db6f0ed1426431aff3b0f81e350a7bfffbf9cbcdf4531dbd1de85446e5,0.0,66.67,,
397,Myers Park,Isabella Lore,911.8089062140256,162.60839562905966,6,1237.0256974721449,c0818e65a85781aeb44496ee9d82006f14db0516e888e17d2556ddffef0be2db,33.33,33.33,,
398,Leland,Ananya Khandelwal,911.1010292693416,159.5058846347416,6,1230.1127985388248,03403314efcf561a6d383be0c0d7e67c46f685e6a65df2a23d2843b21838d7ef,0.0,66.67,,
399,ModernBrain,Milana Lee,909.2285193759876,166.91641130911975,6,1243.0613419942272,413529baed59b3e6235bfd33e2f14bc5717865eadc89d881747f6132650473ce,33.33,0.0,,
400,Harrison,Jazlah Ahmed,908.8419943478569,161.0770899882886,6,1230.9961743244342,c4eb95c1963ff635370fecd0af3e2eefad5a87981a0621c1b5cff65c0eeb4e38,0.0,66.67,,
401,Harvard-Westlake,Annabel Lin,906.754807838435,175.6069836075752,5,1257.9687750535854,4de4d45488c3ed63206941bc56dd9bca18cf371ec3332f26bfc207598eada166,33.33,0.0,,
402,Dowling Catholic,Jackson Smith,902.8457377103854,176.93208897139,6,1256.7099156531654,dc652a577e4712974e70a6fd581be727297ad1d2701e71ab54d5de54af783b86,0.0,66.67,,
403,Tom Glenn,Holly O'Daniel,901.8548075917947,164.2166963901053,6,1230.2882003720053,0c6d2c3a5c793ac4785522507391cccdeb7323cb1c1a95b208a78b06befe89f9,33.33,33.33,,
404,Sid Batchu Independent,Sid Batchu,900.201611947386,168.17688532650922,6,1236.5553826004045,d437adcd6a7400e781c187de0203afc0add6cf53aa3fb3b260e3b20c9be081d0,66.67,0.0,,
405,Honor,Leslie Choi,898.1586928738745,160.95888193051522,6,1220.076456734905,617e063a25b34ef01ef3d0906ab83e463275c3be409b58a7b52c9a2b217a16e0,33.33,33.33,,
406,Bronx Science,Saide Feliz,895.8031801310457,169.91357754198185,6,1235.6303352150094,b3cd7535475bf4ec90f938e9114e59d17bb181ea47a7eb7929933e341a1d4da9,33.33,33.33,,
407,Edgemont,Yuvraj Arora,895.5023904457888,163.78844488641784,6,1223.0792802186245,8e515e4a6e2234c98f91513eb223a45d68359261a66ed8eb35b681673b10c2a8,0.0,66.67,,
408,Westwood,Meileen Bulger,895.346167806151,161.7345292524036,6,1218.8152263109582,973037f0ad5962181f7ab3bdf06e64ec06f5691e21481e8a99d5eb79540cec8c,33.33,33.33,,
409,Jasper,Ethan Xu,893.7238171818319,167.48269502907814,6,1228.6892072399883,aed8edb4a7f5e86efb4f082df8fe77097876a69ae77d298060e293594d1b59f0,0.0,66.67,,
410,Marlborough,Sofia Cwikla,893.7033834820016,163.36510152977627,6,1220.4335865415542,177216a93b28c73605311d8c85be95e8e85a0c5721711eeb478c05f896a8f30b,0.0,66.67,,
411,Bronx Science,Cynthia Li,891.7941313961671,163.73439298137066,6,1219.2629173589085,edcad1bbcd99ab63b6cc3d2f6b8ad014b2f8b6443c5bc11edc9f8a99138a3ec0,0.0,66.67,,
412,Sierra Canyon,Rena Zhuang,890.7412493759325,128.9823877006597,11,1148.706024777252,5138c25e95cf5740904b617d967af9bba8f7f9d9b846cfc6bbec70b4babb9220,16.67,20.0,,
413,Marlborough,Carrara Ingersoll,889.0132473469891,161.52369961449745,6,1212.060646575984,877c34f3c4b9d3d51bfc1b9b3c51cdff5ab4b66dcb5ec42c2565f8cbaf292fe7,33.33,33.33,,
414,Marlborough,Sarah Kim,886.6195481891401,201.3720127961547,4,1289.3635737814495,88d77de511454377ce0fd1f2869d0cc7961bed01047d7cad67e9366457d181dc,50.0,0.0,,
415,Minnetonka,Arnav Bahl,871.8642794218974,184.8635902205455,5,1241.5914598629884,26f0d2e3fc42f779f08960a6fccda0537ee8abd6c4e7d6ac3cdd8f11ac916784,0.0,33.33,,
416,Iowa City West,Lucius Coriglione,870.2802559884949,166.74929972059317,6,1203.7788554296812,8c6b366122c9f5554054a7c3663b55d6501fcb46a311933d4e1b2dab61ecdbbc,33.33,0.0,,
417,Harker,Om Hari,858.0135248795809,161.2634307421179,6,1180.5403863638167,d40e293ab52def9bec1674427dd8b28fb55df616118e37a90ab4b7275df2f083,33.33,0.0,,
418,Westwood,Trisha Mehta,857.1937871613766,135.55603745118913,12,1128.3058620637548,2e178f164778f521ce3790d9f3d2f8992b5545c5e96868cbe2db45ab65612c9c,33.33,16.67,,
419,Immaculate Heart,Miya Yamato,856.2054399629599,163.11463259981,6,1182.4347051625798,4e7d0a4f532864ff65591df89893007577a5be8827d71502f876b82aeea08581,33.33,33.33,,
420,Webb,Lloyd Shin,847.2983334440912,159.02160479056204,6,1165.3415430252153,68f8d50a7d40442ad547e2154bb9d11ac75d6923336c497c6761fc3a75a92b73,33.33,33.33,,
421,Peninsula,Eytan Ek,845.4040598044821,161.30177128021774,6,1168.0076023649176,8eb4f4eaca6d107e54ca31f5f1e2cc0b68db09ff95d7b10c33c48de931d9c0bc,0.0,66.67,,
422,Cabot,Joshua Durand,842.5584536586327,180.87425463511372,5,1204.3069629288602,f9980c8f65b8996bd61581cdcdf52d956d906152b347c87bbed5ac877338880f,33.33,0.0,,
423,Westwood,Evan Kim,842.1962831519761,163.41763676288232,6,1169.0315566777408,48537d4ffe29157edbe83a5047f680f5115e6b197985330bbba00172345d1092,33.33,0.0,,
424,Dulles,Sanvi Kankatala,840.7495084038244,162.38380135482817,6,1165.5171111134807,50bddf9649eb9c545f2d2753d1b95ed1a6af88aa5d1b8bde15c7a3f22c437054,33.33,33.33,,
425,Newark Science,Eli Myers-Muhammad,834.8972144941225,171.52568297867225,6,1177.948580451467,df91ecb88f08fbd786abb1dc76a1665b2b17de1dd8c364c3eacf4b74e46ccab9,0.0,33.33,,
426,Jackson County,Krish Patel,834.432895756803,176.41203808282634,5,1187.2569719224557,cfcd9266ac12fb386fc478d1c2a536c2eeb35ebe5074cd3f9c1d95f57a83661f,50.0,0.0,,
427,Lake Highland Prep,Anoushka Shah,832.0058297498564,164.10819672709812,6,1160.2222232040526,869aa450d938ef9bf634b95c43a8edac0520868bb4061250f609fb71b51b3575,0.0,33.33,,
428,University,Nelson Kude,830.571928692518,163.8954710489767,6,1158.3628707904713,ab8f31a5ff3be1b5e6b37f6647bbc58a07193f9ef56aa34a802f843d97a87a72,0.0,33.33,,
429,Harvard-Westlake,Emmanuel Canseco,823.6826273060699,166.89913876491764,6,1157.4809048359052,b3bc0238f0536a83097e625be078dcdc691b52762cbe396a64c45856a42c32d0,0.0,33.33,,
430,Dripping Springs,Liyana Ahmed,811.9515701550263,161.51476781555968,6,1134.9811057861457,7a275d75001a0e9262c6ee48b69254a28776a009ab08d16636553d042c6ca952,33.33,0.0,,
431,Peninsula,Grace Yun,809.6557769938627,183.75493710942104,5,1177.1656512127047,619622b57c6e952c0b87487d911d22df8c6afa4b3a53c159bc676fe3e3bddb37,50.0,0.0,,
432,Harrison,Oviya Gandhi,806.7283105588469,164.3498105845499,6,1135.4279317279468,ff18e9a1add03e2c9b66fc3a2d4b3de39343e1a7349d3322c2f01a921e13edec,33.33,0.0,,
433,American Heritage Palm Beach,Cai Rudikoff,801.870954463913,157.9868674659405,6,1117.844689395794,1a379a6762819d51162de80a73fcdae31798ca78c0d07f18268bc03ec6e2c281,0.0,33.33,,
434,Coppell,Khushi Singla,793.8465645341894,165.37659190132828,6,1124.599748336846,5f345969a5cd5eca6a4e018c7dd8ddffa2db320b7ae023ad3c28d9ed4d389312,33.33,0.0,,
435,Timber Creek,Macy Gluzerman,792.0130186598869,165.25292209132556,6,1122.518862842538,d545164c10b3656986017b909d5b8ae20f7282ad45544ccc825256a8f2dc0059,33.33,0.0,,
436,Jericho Independent,Yifan Gao,788.8582676506508,164.4093570129967,6,1117.6769816766441,8efe7d28c03e84ce4ad7b314fcc025af8af566ccb9fa73b7401bc6fd5d851f3d,0.0,33.33,,
437,Southlake Carroll,Gatik Senthil,788.4507922023329,169.29761055033066,6,1127.0460133029942,95c55d27bcdc2d8314f2cc6f48d6702e76eb85e8fae6ac67f1bf57fc26bffb29,33.33,0.0,,
438,Peninsula,Isaura Aguilar Valladares,786.523458871779,164.04674678605127,6,1114.6169524438815,fd5fccc8af3e2dbc949a6202435290febf0daa0f242355e2d78b11b59e9b5ed0,0.0,33.33,,
439,Lexington,Zihan Wang,782.9831624574131,176.85262944462406,5,1136.6884213466612,32c2324e958eef66d386e931c862b7ae54eeec0c82fd16e626af15cf44d6959a,0.0,0.0,,
440,Dripping Springs,Amani Ahmed,775.6329331937407,167.00809205229663,6,1109.649117298334,b5ce33f131bedc49c66268225e47a606c54aace90ea1b7ba65cefb44adc7dfad,0.0,33.33,,
441,Immaculate Heart,Athena Martinez,771.9704931535708,165.3901304915534,6,1102.7507541366776,e7b142c095b47d9d9f8363d58f11dc4bbd5fc0b4e2651bbbdf22bb449447332f,33.33,0.0,,
442,Carlsbad,Autumn Perlman,761.2467023255504,135.54353300365366,12,1032.3337683328577,91bde3749cdf40ec91476fdcf212e7610295f4050886aad3a3120329d8509b36,16.67,16.67,,
443,Head-Royce,Emet Adereth,760.9865276375574,163.8825398506898,6,1088.751607338937,7a511ea6ffb01f49acf44c79b8f364ac401721d4cfd2336b32912163c48309eb,33.33,0.0,,
444,Newark Science,Adachi Chukwuemeka,759.6342792291533,160.84033646463348,6,1081.3149521584203,1bcca04f50f0fc0cf7859b32197b6aa9cae5c3526422e51b9b59452cb9cfacb4,0.0,33.33,,
445,Premier Debate Academy LLC,Ilaria Allan,758.7052710299188,260.48876450493754,2,1279.6828000397938,c1e7f863e60fa5276861c7e450933b40df2fb5af6a588e9d87b99ca25301f8c0,0.0,0.0,,
446,Thousand Oaks,Beckett Jacobs-Bieley,756.0942748478922,142.27211545989113,9,1040.6385057676744,65ba3e7235f0f80deada932ae5ccd67e545b139add5cb759f45e8fc89dde1f2a,20.0,0.0,,
447,Lexington,Rithvik Iyer,756.0074623029838,138.25902174766856,12,1032.5255057983209,20ea50ead0ccaf2e82a225d2e1e3f268358bd7ef81e3bf71bde9103a226344ed,0.0,33.33,,
448,Lake Highland Prep,Sohum Mondal,755.9966504751258,164.9781286411511,6,1085.952907757428,262945a50ce02a2ed0c8c32c6b72e806584f8024c21efee58c51fcef13cd0fba,0.0,33.33,,
449,Crespi Carmelite,Rene Negrete Jr.,755.6864145048362,169.44117264907376,6,1094.5687598029838,840a83c50812cfa3609f3f2910aa8df67a5af8d0d42808cf32a077c20709a23a,0.0,33.33,,
450,Andrews,Colbrin Middlebrooks,750.4677592658538,181.1910090421402,5,1112.8497773501342,698b0af02108efb7a6f1da916e971b6aa0bdc6f8f3261f1d684aa7399dcf33cf,0.0,0.0,,
451,Lake Travis,Brody Klopp,747.6470043717736,157.61756100006735,10,1062.8821263719083,599e09b386b8baff5b94d67528b77b37a869e73aa3ff5ce3ea3339a330ecc979,0.0,0.0,,
452,Immaculate Heart,Ace Parra-Christie,747.5495095127023,161.84176305730026,6,1071.2330356273028,0aa69cd625933ac6372cea87bad36c59e09e1a62b3f7be84ef115b06a456282f,33.33,0.0,,
453,Immaculate Heart,Cambria DesJardins,743.982894579241,161.47557940680463,6,1066.9340533928503,bf18236facfaf1d004c4048b8ca4a2859c8c57c2b14786f6e10720f9a186ad88,33.33,0.0,,
454,Oxbridge,Chloe Caraffa,743.522443634311,162.29511909556388,6,1068.1126818254388,d7f626bc2935377f0b2e42e9c2f4ea4bb2069722e2aab7b076005e9d9068e3e1,33.33,0.0,,
455,Bellevue Youth,Corinne Song,742.6153422620039,164.44207214455756,6,1071.499486551119,035ae73489e7975c517e19b47003289cbce06e0923cf216695b156bdaf5da761,33.33,0.0,,
456,Lexington,Claire Zhang,735.8261717449434,175.1889471016178,6,1086.204065948179,1e1eae07bc6fd6c2a719146ea5f3872469e1cfd8c5eef2e922c741e0329a0e7c,0.0,33.33,,
457,Westwood,Mia Shetty,729.0710822520117,171.02104167933072,5,1071.1131656106731,a4fe62bcaeb08ffd1731e0a985a33f879627d0452339ce0d27af714634b0b71e,0.0,0.0,,
458,Irma Rangel YWLS,Daniella Rodriguez,719.825654511028,161.63770886519185,10,1043.1010722414117,e451763ec071fb5fa3c866ecaecffc097594e0415c5dd516263598ac213dfcce,0.0,0.0,,
459,Immaculate Heart,Bellamy Burke,713.3717205607618,158.47805656990496,6,1030.3278337005718,c6f7b6ec9d430e19c29a3d00493337afe25291e098ecc5666d7de7be97c27555,33.33,0.0,,
460,University,Nathen Mathew,702.5421325897908,183.06430791433604,5,1068.6707484184628,8f5c73ef8c4c52919a76e4fc405d3bc1d0fb2893a4be12baccd6179be741ec82,33.33,0.0,,
461,Valley Christian,Gordon Li,697.0637556954182,178.86440455179047,5,1054.7925647989991,b4bef9b78c5e9320493a8087832c30ad7b8e44a42f8c661a6e2f1a07b102f6f4,0.0,0.0,,
462,Millard North,Tamil Kumar,687.9964498126744,132.76918470805066,12,953.5348192287757,b2ba040173d663a92a0c2990014c3b1e6f64be2858fccbbf3d0d5949403bf324,16.67,0.0,,
463,Millard North,Srihaas Yeluri,684.5710721810761,168.70345127311504,5,1021.9779747273062,a2035b5610a59a39415aca9b4c005691d55f2367c74fd9d069998627ed265fff,0.0,0.0,,
464,Jordan,Yusuf Zaidi,653.4409710125931,176.59022720064237,5,1006.6214254138778,bb7e4fd33387570ae03a3fdb0736adae65200fdeb00c2544e92688d0a09f0a1a,0.0,0.0,,
465,Immaculate Heart,Julianna Duckett,647.2754961254334,179.56129828657797,5,1006.3980926985894,4efc48d83394737b0cfd08bb4f16273bae171320a9accd3f924a3bdfb421bec7,0.0,0.0,,
466,Sethia Independent,Kiaan Sethia,646.1502148780019,184.21805208853542,5,1014.5863190550727,bbff91914a8b0f1e2745e81637620d44427797ca673b87470106c6fbca10fdaf,0.0,0.0,,
467,Highlands,Marshall Ta-Beadle,638.9035083693805,168.65802779877689,6,976.2195639669342,976e9f6a348df77fa239d190a68b6eb3c30e4e1edd19f24cc796c1878a7709d8,0.0,0.0,,
468,Keller,Kaitlyn Izquierdo,636.1239093221559,181.56852695005742,5,999.2609632222707,02e8c9893d9c3894671f6a7dced020cc381a743a050b796aa862f3e1e00f6ca8,0.0,0.0,,
469,Lassiter,Haran Anand,636.1236584097651,179.01758538291074,5,994.1588291755866,9a42f153fb1092ab822d12af2676ba16a340ec5d44a6f03ca6032e21e661bac9,0.0,0.0,,
470,Clark Advanced Learning Center,Ezekiel Liberty,634.6293026174274,179.89151133742544,5,994.4123252922782,4ea0a3647c2615f27d84f4954e3f60adaaa87c5f5ca2907e0961d670fbf3a775,0.0,0.0,,
471,Marlborough,Joey Snyder,627.7871574597433,159.72405281659883,6,947.235263092941,a1e77e89169d12193e8e5b04cdcf9dc37d4f00a3f7399684e4b9c96cff7b612a,0.0,0.0,,
472,Crespi Carmelite,Mateo Negrete,626.0803302331553,171.72425269443377,6,969.5288356220229,8446e739578df4f796b2b8948a475c2ad09bd29956f7a29b0871840c378e3c0b,0.0,0.0,,
473,Bellaire,Lucas Nanny,623.2710307142117,168.3022241339187,6,959.8754789820492,7d1ed0d5af40477ce1440e4e4adf18fa76cbc9cac0d344fecdd98aecf0fd1480,0.0,0.0,,
474,Marvin Ridge,Anya Agarwal,620.0984304939416,179.73934595874607,5,979.5771224114337,7831a0cc17505bb5a721002e8ed20fab0f4f61313b773fedc825e18af1ef2655,0.0,0.0,,
475,Timber Creek,Max Cortez,617.2890817268496,165.9799119222432,6,949.2489055713361,c44b76ad52b1229cffdf5d11b0dc2c40775e92416eb4ca06d7ddc8903923d2e5,0.0,0.0,,
476,Keller,Ali Al-Daffaie,612.4059717880693,167.40851773191122,6,947.2230072518918,a80015540207a6cba762ae569de1735ac7174c06e3c6d173bf8779e1781928a8,0.0,0.0,,
477,Trinity Prep,Cary McCaghren,579.5810717514843,162.66726921439664,6,904.9156101802776,9bdc4191c26e52bc6c9ecb7e91dbb24a906aaf137981b4e706a9b58503f083d4,0.0,0.0,,
478,Marlborough,Nima Walker,567.2420329401839,163.95275222824736,6,895.1475373966786,b9de8c18c5877cb02ced5397bddbaa8225810b87abd6128c97b3caf7e4cdfd8a,0.0,0.0,,
479,Newark Science,Momina Riasat,559.7595917803753,162.39582849247236,6,884.55124876532,a77f0d73643a009d73233e48e2a9406631eda74f35f72cba758f1f0f99b04181,0.0,0.0,,
