Institution,Location,Entry,Code,Status,Record
Acton-Boxborough,MA,Vokkarane & Shukla,Acton-Boxborough Anya Vokkarane & Tanishka Shukla,,
Acton-Boxborough,MA,Potluri & Sharma,Acton-Boxborough Avy Sharma & Abhijay Potluri,,
Acton-Boxborough,MA,Walia & Pandey,Acton-Boxborough Jai Pandey & Dev Walia,,
Acton-Boxborough,MA,Shang & Ebbin,Acton-Boxborough Lucas Shang & Ethan Ebbin,,
Acton-Boxborough,MA,Sivasenthil & Li,Acton-Boxborough Olivia Li & Yadavi Sivasenthil,,
Acton-Boxborough,MA,Prabhakar & Bajwa,Acton-Boxborough Ranvir Bajwa & Viraj Prabhakar,,
Acton-Boxborough,MA,Nambiar & Dibya,Acton-Boxborough Ryan Dibya & Vihaan Nambiar,,
Ardrey Kell,NC/US,Venkatachalam & Sureneni,Ardrey Kell Aditya Venkatachalam & Suvas Sureneni,,
Ardrey Kell,NC/US,Peng & Choudhary,Ardrey Kell Jeff Peng & Pratyush Choudhary,,
Arlington,MA/US,Ryu & Burke,Arlington Jiwan Ryu & Aaron Burke,,
Arlington,MA/US,Potere & Zaganjori,Arlington Leo Potere & Elena Zaganjori,,
Arlington,MA/US,Munoz Broder & Carman,Arlington Miquel Andres Munoz Broder & Spencer Carman,,
Arlington,MA/US,Lay & Balderas,Arlington Sara Lay & Adrianna Balderas,,
Arlington,MA/US,Shaikh & Monnin-Browder,Arlington Sonya Shaikh & Avery Monnin-Browder,,
Awty Honors,NY/US,Xu & Brace,Awty Honors Jacob Brace & Colin Xu,,
BASIS Peoria,AZ/US,Cho & Kim,BASIS Peoria Joshua Kim & William Cho,,
BASIS Peoria,AZ/US,Nguyen & Mishra,BASIS Peoria Riddhiman Mishra & Viet Nguyen,,
BASIS Phoenix,AZ/US,Grabel & Pehkonen,BASIS Phoenix Kai Pehkonen & Benjamin Grabel,,
BASIS Scottsdale,AZ/US,Nagpal & Nagpal,BASIS Scottsdale Anya Nagpal & Ananya Nagpal,,
Basis Scottsdale Independent,AZ/US,Batra & Varada,Basis Scottsdale Independent Aahaan Batra & Saisatya Varada,WL,
BASIS Scottsdale,AZ/US,Panwar & Srivatsa,BASIS Scottsdale Vidyut Srivatsa & Adeev Panwar,,
Chagrin Falls,OH/US,Lyndall & Shein,Chagrin Falls Ben Lyndall & Jack Shein,,
Cranbrook,MI/US,Ezhil & Du,Cranbrook Aadhi Ezhil & Cayden Du,,
Cranbrook,MI/US,Jain & Kumbar,Cranbrook Adi Jain & Ishan Kumbar,,
Cranbrook,MI/US,Ding & Li,Cranbrook Kingsley Li & Ritz Ding,,
Cranbrook,MI/US,Zhou & Feng,Cranbrook Taiwen Feng & William Zhou,,
Dowling Catholic,IA/US,Antezano & Chhatlani,Dowling Catholic Keerath Chhatlani & Alessia Antezano,,
Dowling Catholic,IA/US,Walker & Gilloley,Dowling Catholic Olivia Walker & John Gilloley,,
Eagan,MN/US,Ahmed & Koudelka,Eagan Hafsa Ahmed & Victoria Koudelka,,
Eagan,MN/US,Mungara & Mishra,Eagan Hamsini Mungara & Adwita Mishra,,
Eagan,MN/US,Bonthala & Victor,Eagan Jithin Bonthala & Isaac Victor,,
Eagan,MN/US,Nguyen & Francis,Eagan John Nguyen & Maddoc Francis,,
East Ridge,MN/US,Vijayakumar & Namgung,East Ridge Laon Namgung & Dharshan Vijayakumar,,
Eden Prairie,MN/US,Deep & Virdi,Eden Prairie Keerat Virdi & Rohan Deep,,
Edina,MN/US,Ma & Ge,Edina Julia Ma & Evelyn Ge,,
Fort Collins,CO/US,Cribelli & Tremblay,Fort Collins Liam Tremblay & Ilai Cribelli,,
Frist Institute,CN,Chen & Ganesh,Frist Institute Derek Chen & Siddhanth Ganesh,,
Germantown Friends,PA/US,Sethu & Zhong,Germantown Friends Vishahan Sethu & Kyle Zhong,,
Grace Church,NY/US,Tanjga & Chin,Grace Church Marko Tanjga & Preston Chin,,
Harbinger,CN,Cai & Abulikemu,Harbinger Jerry Cai & Alpha Abulikemu,,
Harbinger,CN,Shen & Zou,Harbinger Leon Zou & Jonathan Shen,,
Horace Mann,NY/US,Cheng & Osterman,Horace Mann Jayson Cheng & Calvin Osterman,,
Horace Mann,NY/US,Ergin & Chang,Horace Mann Tolga Ergin & Ian Chang,,
Horace Mann,NY/US,Subramanian & Yao,Horace Mann Wilson Yao & Annika Subramanian,,
Horace Mann,NY/US,Pinchuk & Au,Horace Mann Yael Pinchuk & James Au,,
Hunter,NY/US,Chisholm & Deng,Hunter Iris Chisholm & Chloe Deng,,
Hunter,NY/US,Urena-Bernabel & Yeh,Hunter Jacqueline Urena-Bernabel & Zoe Yeh,,
Hunter,NY/US,Rodriguez & Snodgrass,Hunter Sophia Rodriguez & Eloise Snodgrass,,
Interlake,WA/US,Ravi & Kim,Interlake Ritanya Ravi & Angela Kim,,
Interlake,WA/US,Li & Wang,Interlake Youlan Wang & Jingqi Li,,
Iowa City West,IA/US,Ding & Schimmel,Iowa City West Otto Schimmel & Ethan Ding,,
James Clemens,AL/US,Gollapudi & Sivasenthil,James Clemens Vamsi Gollapudi & Guhan Sivasenthil,,
James Madison,VA/US,Rose & Yu,James Madison Gavin Rose & Lyan Yu,,
JR Masterman,PA/US,Kelberg-Gross & Kelberg-Gross,JR Masterman Kayla Kelberg-Gross & Eliana Kelberg-Gross,,
JR Masterman,PA/US,Albert & Batchis,JR Masterman Mose Albert & Griffin Batchis,,
Lakeville North,MN/US,shao & menon,Lakeville North blair shao & Dev menon,,
Lambert,GA/US,Sood & Paul,Lambert Vishesh Sood & Neev Paul,,
LAMP,AL/US,Hurst & Aggarwal,LAMP Anya Aggarwal & McRae Hurst,,
Langley,VA/US,Conners & Kosandal,Langley Clark Conners & Varun Kosandal,,
Langley,VA/US,Radhakrishnani & Pan,Langley Dhruv Radhakrishnani & Edwin Pan,,
Langley,VA/US,Killian & Shi,Langley Samuel Shi & William Killian,,
Langley,VA/US,Kumar & Skvortsov,Langley Shaurya Kumar & Will Skvortsov,,
Lawrenceville,NJ/US,Chidambaram & Miao,Lawrenceville Afra Miao & Darshan Chidambaram,,
Lexington,MA/US,Nair & Mishchenko,Lexington Aditi Nair & Aleks Mishchenko,,
Lexington,MA/US,Sawant & Zhao,Lexington Anya Sawant & Andrew Zhao,,
Lexington,MA/US,Li & Xia,Lexington Carrie Li & Lily Xia,,
Lexington,MA/US,Marri & Wang,Lexington Jane Wang & Adhiti Marri,,
Lexington,MA/US,Kim & Gillen,Lexington Jennifer Kim & Yvonne Gillen,,
Lexington,MA/US,Kasi & Roy,Lexington Shaurya Kasi & Amartya Roy,,
Livingston,NJ/US,Xiong & Joshi,Livingston Aidan Joshi & Jeffrey Xiong,,
Livingston,NJ/US,Ko & Guan,Livingston Chloe Guan & Hailey Ko,,
Livingston,NJ/US,Rao & Bhatt,Livingston Nandini Bhatt & Kevin Rao,,
Livingston,NJ/US,Heifetz & Baijal,Livingston Vedant Baijal & Jacob Heifetz,,
Madison West,WI/US,Trewartha & Prabhakaran,Madison West Evan Trewartha & Anirban Prabhakaran,,
Madison West,WI/US,Sydnor & Gresch,Madison West Jack Sydnor & Indy Gresch,,
Madison West,WI/US,Benish & Bernstein,Madison West William Benish & Yonatan Bernstein,,
Magnolia,TX/US,Kotturi & Nupur,Magnolia Advika Nupur & Sumedh Kotturi,,
Marist,GA/US,Findley & Thakur,Marist Liam Findley & Aman Thakur,,
Marist,GA/US,Mastella & Scherrer,Marist William Mastella & Jacob Scherrer,,
McLean,VA/US,Cai & Liu,McLean Abby Cai & Rosie Liu,,
McLean,VA/US,Thomas & Lowe,McLean Charles Lowe & Saachi Thomas,,
McLean,VA/US,Sandhu & Vazquez,McLean Ishha Sandhu & Annemieke Vazquez,,
McLean,VA/US,Hu & Lee,McLean Joseph Hu & Jimin Lee,,
McLean,VA/US,Kang & Rucker,McLean Kris Kang & Will Rucker,,
McLean,VA/US,Kim & Sandhu,McLean Nhoor Sandhu & Noelle Kim,,
McLean,VA/US,Li & Glass,McLean Vivian Li & Victoria Glass,,
Millard North,NE/US,Pal & Swarna,Millard North Geetika Swarna & Rajnandini Pal,,
Millard North,NE/US,Li & Venkateswaran,Millard North Nikhil Venkateswaran & Auspy Li,,
Millard North,NE/US,Devineni & Karri,Millard North Siddharth Karri & Varish Devineni,,
Millburn,NJ/US,Dholakia & Huang,Millburn Angelica Huang & Ryna Dholakia,,
Millburn,NJ/US,Sinha & Kapur,Millburn Sujeev Singh Kapur & Vikram Sinha,,
Newton North,MA/US,Zheng & Aneja,Newton North Ethan Zheng & Neil Aneja,,
Newton South,MA/US,Hershfield & Hariprasad,Newton South Ananya Hariprasad & Annabelle Hershfield,,
Newton South,MA/US,Lu & Deshmukh,Newton South Dhruv Deshmukh & Roger Lu,,
Newton South,MA/US,Wang & Ai,Newton South Iris Ai & Audrey Wang,,
Newton South,MA/US,Paltrowitz & Xiong,Newton South Jake Paltrowitz & Edison Xiong,,
Newton South,MA/US,Rana & Castillo,Newton South Sofia Castillo & Myra Rana,,
Niles North,IL/US,Garcia & Salerno,Niles North Jacob Garcia & Peter Salerno,,
Niles West,IL/US,Rahman & Fisher,Niles West Afeefa Rahman & Mila Fisher,,
Niles West,IL/US,Schaefer-Feldman & Kretsos,Niles West Chris Kretsos & Cole Schaefer-Feldman,,
North Allegheny,PA/US,Liu & Birnbaum,North Allegheny Luke Liu & Jeremy Birnbaum,,
Palm Beach Independent,FL/US,Kuturu & Lee,Palm Beach Independent Arjun Kuturu & David Lee,WL,
Pittsburgh Central Catholic,PA/US,Dassanaike-Perera & Nagrath,Pittsburgh Central Catholic Kavin Dassanaike-Perera & Adhhrith,,
Pittsburgh Central Catholic,PA/US,Broderick & Wheeler,Pittsburgh Central Catholic Zachary Broderick & Eric Wheeler,,
Princeton Independent,NJ/US,Li & Zhang,Princeton Independent Kekuang Zhang & Lucas Li,,
Richland,TX/US,Chalamalasetty & Hernandez,Richland Sreekar Chalamalasetty & Gavin Hernandez,,
Rowland Hall,UT/US,Asad & Asad,Rowland Hall Zaynab Asad & Fatima Asad,,
Scarsdale,NY/US,Andrade & Wang,Scarsdale Alyson Andrade & Emily Wang,,
Scarsdale,NY/US,Secmen & Ding,Scarsdale Berke Secmen & Sebastian Ding,,
Scarsdale,NY/US,Chen & Wang,Scarsdale Ethan Wang & Henry Chen,,
Scarsdale,NY/US,Auerbach & Pascutti,Scarsdale Jacob Auerbach & Matthew Pascutti,,
Stuyvesant,NY/US,Devery Michaelson & Bovenzi,Stuyvesant Adrien Devery Michaelson & Lander Bovenzi,,
Stuyvesant,NY/US,Advani & Shahbaz,Stuyvesant Aran Advani & Sohaib Shahbaz,,
Stuyvesant,NY/US,Harrington & Rajda,Stuyvesant Calista Harrington & Arya Rajda,,
Stuyvesant,NY/US,Xu & Chanda,Stuyvesant Eric Xu & Karthik Chanda,,
Stuyvesant,NY/US,Wei & Wei,Stuyvesant Hunter Wei & Avril Wei,,
Stuyvesant,NY/US,Massim & Silakov,Stuyvesant Zachary Massim & Alexandra Silakov,,
Summit,NJ/US,Arora & Huang,Summit Aditya Arora & Maxim Huang,,
Theodore Roosevelt,IA/US,Larson & Narayanan,Theodore Roosevelt Mackenzie Larson & Anika Narayanan,,
Theodore Roosevelt,IA/US,Baruri & Hollis,Theodore Roosevelt Malaika Hollis & Sushen Baruri,,
Theodore Roosevelt,IA/US,McIver & Chilongo,Theodore Roosevelt Vaughn McIver & Bianka Chilongo,,
Theodore Roosevelt,IA/US,Koganti & Sorenson,Theodore Roosevelt Vihaan Koganti & Sunny Sorenson,,
Thomas Jefferson HSST independent,VA/US,Umapathi & Zhouyin,Thomas Jefferson HSST independent Loren Zhouyin & Joshua Umapat,,
Thomas Jefferson HSST independent,VA/US,Tian & Wang,Thomas Jefferson HSST independent Ray Tian & Benjamin Wang,,
Thomas Jefferson HSST independent,VA/US,Kim & Lee,Thomas Jefferson HSST independent Thomas Lee & Brandon Kim,,
University,OH/US,Chhabra & Chan,University Sahas Chhabra & Gavin Chan,,
University,OH/US,Anwar & Samuels,University Zaid Anwar & Nolan Samuels,,
VDA - Vancouver,BC/CA,Tu & Zhou,VDA - Vancouver Josh Zhou & Flora Tu,,
Walton HS Independent,GA/US,MacColl & Shin,Walton HS Independent Gabby Shin & Tyler MacColl,,
Westwood,TX/US,Gaddam & Kennedy,Westwood Jadyn Kennedy & Jaishna Gaddam,,
Westwood,TX/US,Tran & Lim,Westwood Max Lim & Tam Bao Tran,,
Winchester,MA/US,Yang & Han,Winchester Ben Yang & Eric Han,,