Aff,Neg,Judge,Win,"Aff								Points","Neg								Points"
Baylor MM,Kansas BL,Young Kwon,Aff,"KMathews																																																												28.6																																																																																								JMarek																																																												28.7","ALevin																																																												28.4																																																																																								TBauman																																																												28.5"
Minnesota MN,George Mason BG,Kwudjwa Osei,Neg,"TMunson																																																												28.5																																																																																								RNager																																																												28.6","DGorman																																																												28.8																																																																																								JBridgers																																																												28.7"
Michigan ES,Dartmouth CG,Nick Loew,Aff,"CEsmailzadeh																																																												29.5																																																																																								AShah																																																												29.6","NCai																																																												29.4																																																																																								LGoldberg																																																												29.3"
Harvard AB,Georgetown CL,Jason Regnier,Aff,"SAoki																																																												28.9																																																																																								JBodet																																																												28.8","NLi																																																												28.6																																																																																								MCiancanelli																																																												28.5"
Iowa/Western Kentucky LD,UC Berkeley GS,Eric Pelletier,Neg,"KLarsen																																																												28.4																																																																																								LDillon																																																												28.5","ASitu																																																												28.6																																																																																								DGilrain-Lennon																																																												28.7"
Michigan AC,Wake Forest MP,David Griffith,Neg,"AAlmand																																																												29.0																																																																																								RChalamalasetti																																																												29.2","LMcDonald																																																												29.3																																																																																								APrabhakar																																																												29.1"
Michigan State JS,Northwestern CY,Justin Green,Neg,"ZJarman																																																												29.1																																																																																								HShehzad																																																												29.5","JYao																																																												29.2																																																																																								ECamp																																																												29.4"
MoState CR,UMass Amherst LM,Ignacio Evans,Neg,"GCowdrey-Mota																																																												29.0																																																																																								JRice																																																												29.1","JLevitan																																																												29.3																																																																																								MMoussavou																																																												29.8"
Liberty ET,Emory GW,Derek Hilligoss,Aff,"HEtienne																																																												29.0																																																																																								ETooley																																																												29.1","TWang																																																												28.9																																																																																								agranchi																																																												28.8"
Houston MR,George Mason WW,Thomas Reese,Neg,"PMacasaet																																																												28.7																																																																																								ARoberts																																																												28.5","AWright																																																												29.1																																																																																								BWitkov																																																												29.0"
Northwestern JP,Michigan State KP,Deven Cooper,Aff,"LPatterson																																																												29.4																																																																																								AJayaratne																																																												29.2","AKincaid																																																												29.0																																																																																								NPatel																																																												29.1"
Wichita State ZM,West Georgia KM,Tarang Mishra,Neg,"MMarciano																																																												28.4																																																																																								AZdrojewski																																																												28.7","JKennon																																																												28.8																																																																																								BMissell																																																												28.6"
Oklahoma BP,Northwestern AY,Rahul Penumetcha,Neg,"YBustos																																																												28.6																																																																																								sprather																																																												28.7","AArceo																																																												28.9																																																																																								JYoung																																																												28.8"
Michigan AO,Kentucky RS,Solomon Watson,Neg,"ROu																																																												29.0																																																																																								WAgustin																																																												29.1","JRimpson																																																												29.4																																																																																								HSchedler																																																												29.2"
George Mason CD,Dartmouth SR,Ec Powers,Neg,"ADavis																																																												29.1																																																																																								aclough																																																												28.8","SRao																																																												28.9																																																																																								JSong																																																												29.2"
Northwestern CC,Michigan BB,Storm Lasseter,Neg,"RCanchola-Plascencia																																																												28.5																																																																																								KChan																																																												28.7","MByron-Smarra																																																												28.9																																																																																								JBrashear																																																												28.6"
Kansas HJ,Baylor PL,Spencer Anderson McElligott,Neg,"JJijo																																																												28.9																																																																																								IHome																																																												28.8","YLi																																																												29.5																																																																																								TPhillips																																																												29.3"
Kansas BB,Wake Forest LP,T Weddington,Neg,"CBath																																																												28.5																																																																																								NBoyle																																																												28.4","ELeverett																																																												29.4																																																																																								VPatel																																																												29.5"
Kansas BF,Michigan FP,Joanna Gusis,Aff,"GFalin																																																												29.3																																																																																								CBlaser																																																												29.4","GPazona																																																												28.9																																																																																								LFurtek																																																												29.0"
Western Kentucky IN,Emory AT,Rose Larson,Neg,"KNiendorf																																																												29.0																																																																																								CIngram																																																												29.1","KTaylor																																																												29.3																																																																																								SAggarwal																																																												29.2"
Northwestern LP,Georgetown GT,Dustyn Beutelspacher,Aff,"SLeonard																																																												29.0																																																																																								MPeng																																																												29.1","MGreenberg																																																												28.8																																																																																								LTamfu																																																												28.9"
Georgetown BP,Michigan CX,Christopher Callahan,Aff,"NPerez-Rubio																																																												28.8																																																																																								ABarbiere																																																												28.9","CChun																																																												28.6																																																																																								RXu																																																												28.7"
Southern California BM,Wyoming HW,Jyleesa Hampton,Aff,"CBradley																																																												29.4																																																																																								SMartin																																																												29.2","JHawley																																																												29.5																																																																																								SWidi																																																												29.3"
Kentucky EM,Texas GS,Eli T. Louis,Neg,"WErvin																																																												29.3																																																																																								MMarcos																																																												28.7","DStevenson																																																												28.8																																																																																								EGarza																																																												29.2"
Baylor KB,Wake Forest AM,Lucia Hulsether,Neg,"SBenton																																																												28.8																																																																																								AKeeler																																																												28.9","MMbye																																																												29.0																																																																																								AAderibigbe																																																												29.1"
Harvard MV,Emory OP,Maeve Ella,Neg,"AMerges																																																												28.8																																																																																								RVaghaiwalla																																																												28.7","MOkahata																																																												29.0																																																																																								CPark																																																												28.9"
Emory SY,UC Berkeley BM,Kurt Fifelski,Neg,"CYang																																																												29.5																																																																																								JStumpff																																																												29.4","IBoguslavsky																																																												29.7																																																																																								OModi																																																												29.6"
Gonzaga GA,Navy LS,Elijah Smith,Aff,"KGibson																																																												28.8																																																																																								HAtkin																																																												28.9","JLawrence																																																												28.7																																																																																								GSatterfield																																																												28.6"
Michigan AD,Harvard GG,Connor Burns,Neg,"RDavidov																																																												28.8																																																																																								NAthanassiou																																																												28.7","SGheith																																																												29.1																																																																																								AGupta																																																												28.9"
Michigan CS,UTD DH,Kyle Joseph,Aff,"RShetty																																																												29.2																																																																																								GChamarthy																																																												29.1","CHale																																																												28.7																																																																																								JDickey																																																												28.8"
Emory HT,Northwestern LT,Aaron Kall,Neg,"CHight																																																												29.0																																																																																								LTharp																																																												29.2","ATahirkheli																																																												29.1																																																																																								MLi																																																												29.3"
Southern California LP,Texas AL,Ed Williams,Neg,"ELee																																																												29.0																																																																																								LPlotkin																																																												28.8","SLow																																																												29.1																																																																																								IAli																																																												28.9"
Western Kentucky KN,Kansas WA,Gabriel Morbeck,Aff,"RNey																																																												29.4																																																																																								VKumar																																																												29.3","HWalawender																																																												29.2																																																																																								CAin																																																												29.1"
Kansas PL,Texas GB,Sophia Dal Pra,Aff,"LPace																																																												29.3																																																																																								PLaPoint																																																												29.2","VGade																																																												29.1																																																																																								LBraziel																																																												28.9"
MoState NN,Northwestern HP,Rafael Pierry,Aff,"NNeal																																																												28.6																																																																																								ANeal																																																												28.4","NPeltier																																																												28.3																																																																																								NHeftman																																																												28.5"
Kansas FH,Georgetown LN,Brittany Plange,Neg,"AFordyce																																																												28.9																																																																																								LHasiuk																																																												28.8","LLastelick																																																												29.1																																																																																								ANanji																																																												29.0"
MoState DS,Northwestern KM,Manny Navarrete,Neg,"ESiever																																																												28.7																																																																																								LDeAngelis																																																												28.8","GKung																																																												28.9																																																																																								SMiramontes																																																												29.0"
Kansas UO,Michigan BS,AJ Byrne,Neg,"OOwings																																																												29.7																																																																																								MUlven																																																												29.8","EBarrett																																																												29.9																																																																																								ISong																																																												30.0"
Emory JS,Dartmouth BP,Roy Rinehart,Aff,"OJohnston																																																												29.3																																																																																								CShaeffer																																																												29.2","EPark																																																												28.8																																																																																								CBrody																																																												28.9"
Dartmouth BC,Iowa BS,Irshad Reza Husain,Aff,"SBen-Abdallah																																																												28.7																																																																																								ECarpenter																																																												28.9","RBilicki																																																												29.1																																																																																								LSeverson																																																												29.0"
Kentucky CS,Minnesota UW,Carlos Astacio,Aff,"RSlish																																																												29.2																																																																																								CCoale																																																												29.3","KWells																																																												28.9																																																																																								TUsenov																																																												29.0"
Wake Forest LW,Wichita State GM,Ross Fitzpatrick,Aff,"SWilliams																																																												29.3																																																																																								ALaforest																																																												29.2","MGriffith																																																												29.1																																																																																								PMallett																																																												28.9"
Texas BS,Kansas AV,Margaret Hecht,Aff,"HBanse																																																												29.2																																																																																								SSmall																																																												29.3","AVerma																																																												29.0																																																																																								EAdedipe																																																												29.1"
Southern California MT,Liberty SS,Nyx Moore,Aff,"JMills																																																												28.9																																																																																								MTroup																																																												29.0","ASoares																																																												28.6																																																																																								WSpencer																																																												28.7"
Houston FI,Western Kentucky CS,Grace McManus,Neg,"AFernandez																																																												29.3																																																																																								OIbarra																																																												29.2","NSchintgen																																																												29.4																																																																																								SCarter																																																												29.5"
Gonzaga MP,Oklahoma BW,Max Wiessner,Aff,"EMurray																																																												29.0																																																																																								NPascas																																																												28.9","LBallinger																																																												28.8																																																																																								JWright																																																												28.7"
George Mason BN,Western Kentucky HM,Anthony Trufanov,Aff,"OBadmus																																																												28.8																																																																																								CNoye																																																												28.9","AHendrix																																																												28.6																																																																																								AMike																																																												28.7"
Kansas TB,Northwestern LW,Kaleb Horne,Aff,"JTerreros																																																												29.0																																																																																								KBaxter-Kauf																																																												29.1","ALundberg																																																												28.9																																																																																								SWeisz																																																												28.8"
Georgia CP,Wake Forest NS,Aaron Fernando,Neg,"LPack																																																												28.5																																																																																								ZCannon																																																												28.7","JSampat																																																												28.8																																																																																								NNounawon-Castro																																																												28.6"
Dartmouth HH,Indiana TF,Flynn Makuch,Aff,"EHatton																																																												28.9																																																																																								JHilario-Peralta																																																												28.6","ZFish																																																												28.7																																																																																								MTruemper																																																												28.8"
Emory MW,Harvard JO,Will Katz,Aff,"ZWalsh																																																												29.3																																																																																								SMansoor																																																												29.2","AJin																																																												29.0																																																																																								OOhr																																																												29.1"
Kansas BS,Wake Forest BS,John Hoegerl,Aff,"CBrown																																																												28.8																																																																																								ISuleman																																																												28.6","RSencion																																																												28.5																																																																																								JBrown																																																												28.7"
CSU Long Beach EM,Iowa EW,Cole Wolfe,Neg,"AEscobar																																																												29.3																																																																																								DMedina																																																												29.4","NWeimar																																																												29.6																																																																																								BEltyeb																																																												29.5"
Emory RC,Michigan GV,Lorilei Lassen,Neg,"ARavikumar																																																												29.1																																																																																								TCross																																																												28.9","ZGeorge																																																												29.3																																																																																								VVadathavoor																																																												29.2"
Liberty CL,Iowa KP,Jazmine Pickens,Neg,"JCunningham																																																												29.2																																																																																								ELayton																																																												29.0","GParfenoff																																																												29.1																																																																																								BKleiman																																																												29.3"
Harvard LH,Michigan State BS,KJ Reese,Aff,"JLi																																																												29.3																																																																																								RHoward																																																												29.2","wsterbenc																																																												29.0																																																																																								CBuhl																																																												29.1"
Baylor KM,George Mason/Samford PA,Adam Lipton,Aff,"JMerriwether																																																												28.6																																																																																								AKrikorian																																																												28.3","KAlexander																																																												28.4																																																																																								IPoteet																																																												28.5"
Harvard/Boston University FJ,Georgetown MX,Pav Reddy,Neg,"ZFacey																																																												28.7																																																																																								FJones																																																												28.6","CXiao																																																												29.0																																																																																								RMolina-Jimenez																																																												28.9"
Michigan State LM,Kansas SS,Jackie Poapst,Aff,"HMartin																																																												29.4																																																																																								SLewis																																																												29.5","NSuleman																																																												29.2																																																																																								KShaw																																																												29.3"
Indiana DJ,Liberty KR,Joseph-Charles D'Antuono,Aff,"JDuggal																																																												28.7																																																																																								LJones																																																												28.9","NKoenig																																																												28.6																																																																																								ARonchetti																																																												28.5"
George Mason RT,Oklahoma SW,Viveth Karthikeyan,Aff,"RTaxali																																																												28.5																																																																																								CRosa-Pérez Montes																																																												28.6","BSmith																																																												28.4																																																																																								FWerner																																																												28.7"
Dartmouth CF,Wake Forest TN,Josh Lamet,Aff,"LFigueroa																																																												28.1																																																																																								BChen																																																												28.3","KNguyen																																																												28.2																																																																																								ETimsah																																																												28.0"