Institution,Location,Entry,Code,Status,Record,hash
Alpharetta,GA/US,Arora & Srivastava,Alpharetta Akshan Srivastava & Sahibjot Singh Arora,,,b89b7c341497df29f60d72931371b608c5ccff28ca35226b1659204d102aae59
Alpharetta,GA/US,Oberai & Thatiparthi,Alpharetta Garv Oberai & Ashrith Thatiparthi,,,625aa0922327de05fdfb4681a916f118380cc725c5c8cff555d8193a62363dbd
Alpharetta,GA/US,Baek & Shankar,Alpharetta Rhea Shankar & Derek Baek,,,ac03113019a0dc63c2817439705472a8b135456a83644347b2c6d1c3c9e5d49d
Alpharetta,GA/US,Bakane & Prasad,Alpharetta Vivan Bakane & Aditya Prasad,,,025995f90dfa7748d6ba38a866875f6f838e174974a686711cb532e4bc145bec
Blue Valley,KS/US,Kondaparthi & Pemmasani,Blue Valley Saanvi Pemmasani & Richa Kondaparthi,,,61300979df9c0cf395313ab8470538549957967e7451f518a20cca1de6b5a9b0
Blue Valley West,KS/US,Bapat & Jampana,Blue Valley West Arnav Jampana & Rishabh Bapat,,,2f9decbd189851127aedaafc9c3041b2b21fae287b8f6be25ded6866d1984128
Dowling Catholic,IA/US,Beauchamp & South,Dowling Catholic Madeline Beauchamp & Haley South,,,52b7af7c95cc9df072bad2ef43bacdd4d8658955d9ce701e2d593c3f8bc04409
Eagan,MN/US,Chen & Karnatak,Eagan Oscar Chen & Vedansh Karnatak,,,d7c01110cfac5d1f1bf1b43c6b6fd552e7d7b62f50c231ac5f7950bd6e72f241
Eagan,MN/US,Maddirala & Rubin,Eagan Ram Maddirala & Gabriel Rubin,,,a729bbc27b2853e0a5141488224c32cdd9a04ad7db8e7fdb9f8c92d45cfd3a7e
Eagan,MN/US,Hoover & Risk,Eagan Skye Hoover & Madeline Risk,,,19a051de5d07426b13fc488ac4a3c852d9482aa7b52b215f5ff534367d7f4083
Edina,MN/US,Lofgren & Xing,Edina Aria Xing & Pernilla Lofgren,,,e4d4bafef048fea4287b60afcd122f579bc0a685eaae64824fbc8ad2c13db7b5
Edina,MN/US,Weiby & Western,Edina Matthew Weiby & Freya Western,,,9d4db18f531d70e05cab1e002400a53f1f02464ed9f66f5a9a7259ede6f55562
Farmington,MN/US,Assanga & Twite,Farmington Aimee Assanga & Cheyenne Twite,,,140415b7265c43ba9c4e02afa533cff90ac2d57ca0543ea88ac4042cf84cab39
Free State,KS/US,Gonzalez & Harned,Free State Aiden Gonzalez & Logan Harned,,,1e43a347bd7b923457ad67a0318b2a20459598c6a2dd23977ad287b78a765dd0
Free State,KS/US,Fite & Walker,Free State Carter Fite & Will Walker,,,2cdf729563311bd94894ef12ca787f09aa065cda4e9ead636a3dc51ef95395c3
Free State,KS/US,Colvin & Dietze,Free State Collette Colvin & Sophia Dietze,,,f61496bc763646802420c1f426a7a9286bfa0aaa16fc7e335e90fb88973e5b41
Glenbrook North,IL/US,Lal & Morris,Glenbrook North Ananya Lal & Kaylin Morris,,,61181f361870615c8dee274a2a7f155ad20621b420c0f5e1ca4ecc7b5ca9c327
Glenbrook North,IL/US,Acikgoz & Kutty,Glenbrook North Ela Acikgoz & Amirah Kutty,,,814b93aaba4d9f33abf05f573eb23d82d3a16aa92f19f9375de20ab71f89298d
Glenbrook North,IL/US,Mahammad & Zale,Glenbrook North Tania Mahammad & Maeve Zale,,,cba434570bc0ddde218e0acf6fd1a195fe3f48fa6bae1de7c22791e9b85815d2
Glenbrook South,IL/US,Aparejo-Toque & Patel,Glenbrook South Avani Patel & Peneloupe Aparejo-Toque,,,7419948881ad9a9bb3f5e0afa75958be64a34e32c2cdc43177be41cde8ab0a31
Interlake,WA/US,Wang & Ye,Interlake Julia Ye & Aaron Wang,,,49194289f45c23b454964af9cf7780e6ca969ab1354784bb20317b760753a436
Interlake,WA/US,Chen & Goswami,Interlake Krishiv Goswami & Oliver Chen,,,0e5d4e56093f0e6a2e9bc811df0aa46ad70bc1ac76c00e87ce1221a5f6fee878
Interlake,WA/US,Chetan & Seth,Interlake Shreshth Seth & Aanya Chetan,,,79c03005cc36daf9b19f9adf8ba5a45a677e8f90c4ff6fb27654917c77531b21
Kang Chiao International,TW,Chuo & Wang,Kang Chiao International Patrick Wang & Claire Chuo,,,af4e0a9fec07c475adc7c18b5c7fcdfa9e2e9b136e48490e367e843e374364e5
Lexington,MA/US,Patel & Wang,Lexington Aadi Patel & Patrick Wang,,,9c8eb203d1583078b9a1a3f3a2ced52f77fb985eb194795a43d6ffa0fab7c993
Lexington,MA/US,Boonapalli & Wang,Lexington Ashley Wang & Sanjana Boonapalli,,,b0604b86bf0fe4209105bd621097e88b9a5a228827d3326614ae5f3242f34634
Lexington,MA/US,Venkatesh & Verma,Lexington Radhika Verma & Akhil Venkatesh,,,23a1126198058870e97e2906027e67a7ff6c342ca3912bf7704c1a7181f0d8df
Lexington,MA/US,Song & Sung,Lexington Serena Song & Marcus Sung,,,16d979661c32f2221fb653dea9e7adfa7ed7f2a6bceeca4479720acfdfd5c256
Lindale,TX/US,Davis & Martinez,Lindale Tycen Davis & Carlos Martinez,,,695a311a99b6c4887700430c7f8d2368b750e9147c36b83795636bd89af19f24
Lowell,CA/US,Chan & Yee Smith,Lowell Benjamin Chan & Paxson Yee Smith,,,c22a6128db2754f41c153fd5b93bec540abbd3338039322691e806b0aae97a59
Lowell,CA/US,Li & Liang,Lowell Xin Yuan Li & Phenix Liang,,,3a7c4a30b03342a8c5409d61a4b8c6b88653d51d41c405c774701c50b7159744
Madison Central,MS/US,Arapalli & Jalf,Madison Central Aalekh Arapalli & Teshy Jalf,,,c3642c53f4f1b2284f36b4c8ce6f5f0df88e17582e2425a4e199bc3a65273824
Millard North,NE/US,Delashmutt & Muayad,Millard North Fatimah Muayad & Brayden Delashmutt,,,da7ce3fcc8779bac7154a6ed30488f0844d3a6631d889eef3be5e27efce79d3e
Millard North,NE/US,Matya & Zaidi,Millard North Jordan Matya & Abeeha Zaidi,,,d2d8cc56ddae607047d8a81f255a9f355babddb2a887f4351d93afd3e2994a36
New Trier,IL/US,Snyder & Verma,New Trier Aniya Verma & Tyler Snyder,,,8695f832da5756e8d4a624568e863488ac6d2aefa03989e002bb0f589c9d14f6
New Trier,IL/US,Petriello & Petrovic,New Trier Belle Petrovic & Ines Petriello,,,9faa7256b89df5a51fd6caa021dc8a37e349ce53b3c40331417e29b7da0e9454
Niles North,IL/US,Lockett & Piatek,Niles North Minah Lockett & Lennon Piatek,,,b3ffc9ada9814746f77c3508d7480c8a3dcaf9f320cb98c9eaec10b8259cb992
North Hollywood,CA/US,Levine & Zhang,North Hollywood Serena Zhang & Eva Levine,,,db20dcfedc1ed12fcaa893478e0d935d024f21c992b7c3bdeb4b8fc19fa36dd3
Parsons,KS/US,Corbett & Tsinnahjinnie,Parsons Payton Corbett & Chei Tsinnahjinnie,,,60b5b934ec225e5d63c050b145ff7a05c2bad3ddab523948d70494a0c235b4b5
Patriot,SD/US,Ramirez & Spaans,Patriot Alonso Ramirez & Connor Spaans,,,b5d676526416f6f7166cf92062cde00815244d1a4abfc6927c55d8ed1560292a
Patriot,SD/US,Hohn & Vostad,Patriot Grace Hohn & Naveya Vostad,,,89b6d068304a55ffcf5b445862ae4236590e39e8dd27e76288b298caffb3173b
Patriot,SD/US,Haberman & Pfeiffer,Patriot Kinsley Pfeiffer & Jordan Haberman,,,7a86b910056880b925fc54a726fc11efcda5e524a0ccd1863d87dbf40bc849cb
Rosemount,MN/US,Abdulahi & Prem,Rosemount Fatima Abdulahi & Arhith Prem,,,2b748ae21fcd91bb819e0019fbe2bed0d5f67d01ef57dbc5851ac890b3d2dbb3
Rosemount,MN/US,Govindarajan & Patel,Rosemount Keshav Govindarajan & Aahan Patel,,,150f9b2430d36801c1dce6e5894f8af7e144ab280d289bddfa59ee1f67c79a4b
Rosemount,MN/US,Grellys & Yeleswarapu,Rosemount Santiago Grellys & Aniket Yeleswarapu,,,b396dfaec89eb5d039173b02ee37fffef795a81b79b9625b2a37ea2ab23582ac
Rosemount,MN/US,Carlson & Yohannes,Rosemount Zoë Carlson & Isabella Yohannes,,,52923963cdf8e78d2468022fc8db7cc157f7a839dcba145362fc515838d5eab9
Rowland Hall,UT/US,House & Tyser,Rowland Hall Gregory House & Ada Tyser,,,ecdb7347b25df1cafe4a0338cb7ce854000f7eaa9d0e9a5a1677550670491fac
Rowland Hall,UT/US,Aoki & Shackelford,Rowland Hall Hana Aoki & Lucas Shackelford,,,228e57a3d01b56212d35b8952f63ff562f4201727cc1e0eace96a8bb485359e6
Rowland Hall,UT/US,Corey & Shaaban,Rowland Hall Jena Shaaban & Scarlett Corey,,,05e7f27c58b0360817f67ec3622c581f064df0f9d25907387d5511e21df80f7f
St Paul Central,MN/US,Nagel & Wang,St Paul Central Anna Wang & Ruby Nagel,,,e64490b6ffc9fc74b6445f5a05c60b9aed5802e977a276776075658cb2ec31d5
St Paul Central,MN/US,Berger & Mulrooney,St Paul Central Ben Berger & Abe Mulrooney,,,b77d0e7f21a2881c2dc17deefea7ed65d741f13e5fc934f79ce303ad0f207f4b
St Paul Central,MN/US,Eichenberger & Washington,St Paul Central Charlotte Washington & Irene Eichenberger,,,eef9ef0a5fc7537a43f3b55fbdb20f22fd4ae7080155fad62708b20183f170b0
Washburn,MN/US,Kasat Shors & Northrop,Washburn Ava Northrop & Shyamana Kasat Shors,,,dd2ede48ca13074b6512f1c8f8ec488acb73e39a31b41c41d91b67732fcb68a9
Wylie E. Groves,MI/US,Burger & Patil,Wylie E. Groves Lexi Burger & Ruhi Patil,,,20e5bdd29902a8dcd384b06528642962997794e73150e9eb116b354d62cd5420
BASIS Peoria,AZ/US,Doddagowdru & Kanungo,BASIS Peoria Vihaan Doddagowdru & Satyak Kanungo,,,7897b8fa5203554067da7dc858d01c4c0a3c62e23fc45acc83a68ab7a8c907a3
