Institution,Location,Entry,Code,Mode,Status,Record
Ardsley,NY/US,Naumika Naresh,Ardsley Naumika Naresh,0,,
BASIS Silicon Valley,CA/US,Jason Kuo,BASIS Silicon Valley Jason Kuo,0,,
Danville,PA/US,David Nemoianu,Danville David Nemoianu,0,,
Dowling Catholic,IA/US,Jackson Smith,Dowling Catholic Jackson Smith,0,,
Eagan,MN/US,Ethan Mann,Eagan Ethan Mann,0,,
Eagan,MN/US,Myan Ly,Eagan Myan Ly,0,,
Eagan,MN/US,Nickole Lin,Eagan Nickole Lin,0,,
Edgemont,NY/US,Arjun Gupta,Edgemont Arjun Gupta,0,,
Harker,CA/US,Aleesa Karim,Harker Aleesa Karim,0,,
Harker,CA/US,Aman Ahmed,Harker Aman Ahmed,0,,
Harker,CA/US,Ethan Xu,Harker Ethan Xu,0,,
Harker,CA/US,Guhan Nagarajan,Harker Guhan Nagarajan,0,,
Harker,CA/US,Ishaan Dhillon-Patel,Harker Ishaan Dhillon-Patel,0,,
Harker,CA/US,Jackson Yue,Harker Jackson Yue,0,,
Harker,CA/US,Jason Kim,Harker Jason Kim,0,,
Harker,CA/US,Krish Arora,Harker Krish Arora,0,,
Harker,CA/US,Ryan Lin,Harker Ryan Lin,0,,
Harker,CA/US,Stephen Gao,Harker Stephen Gao,0,,
Harrison,NY/US,Ashley Cho,Harrison Ashley Cho,0,,
Harrison,NY/US,Atharv Gandhi,Harrison Atharv Gandhi,0,,
Harrison,NY/US,Flynn Williams,Harrison Flynn Williams,0,,
Harrison,NY/US,Kevin Iwanski,Harrison Kevin Iwanski,0,,
Harrison,NY/US,Paige Bianchini,Harrison Paige Bianchini,0,,
Harrison,NY/US,Sebastian Engle,Harrison Sebastian Engle,0,,
Holy Trinity Episcopal,FL/US,Shanvi Patel,Holy Trinity Episcopal Shanvi Patel,0,,
Iowa City West,IA/US,Advita Arora,Iowa City West Advita Arora,0,,
Iowa City West,IA/US,Duru Akgun,Iowa City West Duru Akgun,0,,
Iowa City West,IA/US,Faisal Hamzeh,Iowa City West Faisal Hamzeh,0,,
Iowa City West,IA/US,Loren Barjis,Iowa City West Loren Barjis,0,,
Iowa City West,IA/US,Lucius Coriglione,Iowa City West Lucius Coriglione,0,,
Jericho Independent,NY/US,Avi Sawhney,Jericho Independent Avi Sawhney,0,,
LAMP,AL/US,Jongwoo Lee,LAMP Jongwoo Lee,0,,
LAMP,AL/US,Minjoo Kwak,LAMP Minjoo Kwak,0,,
Lexington,MA/US,Arya Kodumuru,Lexington Arya Kodumuru,0,,
Lexington,MA/US,Claire Zhang,Lexington Claire Zhang,0,,
Lexington,MA/US,Ethan Le,Lexington Ethan Le,0,,
Lexington,MA/US,Kevin Zhang,Lexington Kevin Zhang,0,,
Lexington,MA/US,Rithvik Iyer,Lexington Rithvik Iyer,0,,
Lexington,MA/US,Zihan Wang,Lexington Zihan Wang,0,,
Loyola,CA/US,Cooper Kun,Loyola Cooper Kun,0,,
Loyola,CA/US,James McMahon,Loyola James McMahon,0,,
Loyola,CA/US,Michael Romero,Loyola Michael Romero,0,,
Loyola,CA/US,Thatcher Hartman,Loyola Thatcher Hartman,0,,
Loyola,CA/US,Thomas Corcoran,Loyola Thomas Corcoran,0,,
Millard North,NE/US,Alexis Jamal,Millard North Alexis Jamal,0,,
Millard North,NE/US,Lucio Turco,Millard North Lucio Turco,0,,
Millard North,NE/US,Srihaas Yeluri,Millard North Srihaas Yeluri,0,,
Millard North,NE/US,Tamil Kumar,Millard North Tamil Kumar,0,,
Minnetonka,MN,Arnav Bahl,Minnetonka Arnav Bahl,0,,
Monta Vista,CA/US,Steven Chi,Monta Vista Steven Chi,0,,
Montgomery Blair,MD/US,Olivia Ren,Montgomery Blair Olivia Ren,0,,
Pingry,NJ/US,Sophie Hao,Pingry Sophie Hao,0,,
Research Triangle,NC/US,Karan Parekh,Research Triangle Karan Parekh,0,,
Research Triangle,NC/US,Yadhu Bharath,Research Triangle Yadhu Bharath,0,,
Southlake Carroll,TX/US,Adhvay Thummalakunta,Southlake Carroll Adhvay Thummalakunta,0,,
Southlake Carroll,TX/US,Ibraheem Mushtaq,Southlake Carroll Ibraheem Mushtaq,0,,
Stanford OHS,CA/US,Yi Jei Zhan,Stanford OHS Yi Jei Zhan,0,,
Strake Jesuit College Prep,TX/US,Ayaan Yakoob,Strake Jesuit  Ayaan Yakoob,0,,
Strake Jesuit College Prep,TX/US,Benjamin Correa,Strake Jesuit  Benjamin Correa,0,,
Strake Jesuit College Prep,TX/US,Diego Villareal,Strake Jesuit  Diego Villareal,0,,
Strake Jesuit College Prep,TX/US,Eric Xiong,Strake Jesuit  Eric Xiong,0,,
Strake Jesuit College Prep,TX/US,Jeffery Wei,Strake Jesuit  Jeffery Wei,0,,
Strake Jesuit College Prep,TX/US,Jonathan Yang,Strake Jesuit  Jonathan Yang,0,,
Strake Jesuit College Prep,TX/US,Kevin Song,Strake Jesuit  Kevin Song,0,,
Strake Jesuit College Prep,TX/US,Matthew Zong,Strake Jesuit  Matthew Zong,0,,
Strake Jesuit College Prep,TX/US,Nathan Fan,Strake Jesuit  Nathan Fan,0,,
Strake Jesuit College Prep,TX/US,Soluchi Aneji,Strake Jesuit  Soluchi Aneji,0,,
Strath Haven,PA/US,Noel Springer,Strath Haven Noel Springer,0,,
Vestavia Hills,AL/US,Veronica Zhang,Vestavia Hills Veronica Zhang,0,,
West Des Moines Valley,IA/US,Daniel Wang,West Des Moines Valley Daniel Wang,0,,
West Des Moines Valley,IA/US,Dannick Nzimi,West Des Moines Valley Dannick Nzimi,0,,
West Des Moines Valley,IA/US,Judah Carpenter Hutchcroft,West Des Moines Valley Judah Carpenter Hutchcroft,0,,
West Des Moines Valley,IA/US,Linni Vo,West Des Moines Valley Linni Vo,0,,
West Des Moines Valley,IA/US,Reighlee Sowden,West Des Moines Valley Reighlee Sowden,0,,
West Des Moines Valley,IA/US,Seth Smith,West Des Moines Valley Seth Smith,0,,
Westwood,TX/US,Aarya Patel,Westwood Aarya Patel,1,,
Westwood,TX/US,Aashriya Vasamsetti,Westwood Aashriya Vasamsetti,1,,
Westwood,TX/US,Ayushi Thakur,Westwood Ayushi Thakur,1,,
Westwood,TX/US,Mia Shetty,Westwood Mia Shetty,1,,
Westwood,TX/US,Trisha Mehta,Westwood Trisha Mehta,1,,
Youth Development Resource Center,CA/US,Jingcheng Wang,Youth Development Resource Center Jingcheng Wang,0,,